Nombre,Tipo,Equipo_inicial,Puesto,Media,Potencial,Edad,Nacion,Altura,Dorsal,speed,acceleration,handling,passing,shooting,two,three,finishing,defense,interiorDefense,rebounding,vision,decisions,physical,stamina,Foto
Giannis Antetokounmpo,real,3,PF,96,96,32,Melonia,2.11,7,88,90,91,97,97,97,89,97,97,97,97,97,97,97,97,assets/players/basket/r_giannisantetokounmpo.webp
Luka Dončić,real,7,SF,96,96,27,Zenet,2.03,77,97,97,97,97,97,97,94,97,97,91,90,97,95,93,96,assets/players/basket/r_lukadoncic.webp
Kyrie Irving,real,4,PG,93,93,34,Kaigam,1.88,11,95,97,97,92,93,89,90,92,92,66,63,97,97,65,95,assets/players/basket/r_kyrieirving.webp
Nikola Jokić,real,2,C,95,95,31,Zenet,2.11,15,91,81,93,97,89,97,63,97,87,97,97,97,97,97,97,assets/players/basket/r_nikolajokic.webp
Anthony Davis,real,1,PF,93,93,33,Iberia,2.08,23,78,84,80,91,90,93,85,97,95,97,97,87,92,97,97,assets/players/basket/r_anthonydavis.webp
Devin Booker,real,7,PG,94,94,30,Margin,1.96,15,97,97,97,97,88,97,86,93,91,58,60,97,97,75,97,assets/players/basket/r_devinbooker.webp
Victor Wembanyama,real,6,C,94,97,22,Iberia,2.24,1,79,89,75,85,89,97,71,97,89,97,97,85,97,97,97,assets/players/basket/r_victorwembanyama.webp
Rudy Gobert,real,2,C,87,87,34,Iberia,2.16,27,69,59,70,77,76,88,56,95,74,97,97,74,76,97,82,assets/players/basket/r_rudygobert.webp
Karl-Anthony Towns,real,2,C,92,92,31,Margin,2.13,32,72,77,82,77,92,97,66,97,86,97,97,85,88,97,92,assets/players/basket/r_karlanthonytowns.webp
Ja Morant,real,4,PG,92,92,27,Iberia,1.88,12,97,94,97,97,85,86,91,89,83,57,52,97,96,61,96,assets/players/basket/r_jamorant.webp
Jonas Valanciunas,real,5,C,87,87,34,Overmark,2.11,17,67,65,57,75,79,95,49,91,72,94,95,74,88,97,91,assets/players/basket/r_jonasvalanciunas.webp
Joel Embiid,real,2,C,94,94,32,Riada,2.13,21,88,81,79,81,89,97,62,97,89,97,97,92,97,97,97,assets/players/basket/r_joelembiid.webp
Domantas Sabonis,real,4,PF,91,91,30,Overmark,2.08,11,83,85,75,86,81,97,79,97,87,97,97,84,90,97,92,assets/players/basket/r_domantassabonis.webp
Kristaps Porziņģis,real,4,C,89,89,31,Estovackia,2.18,7,75,74,67,74,78,91,56,97,77,96,97,79,85,97,84,assets/players/basket/r_kristapsporzingis.webp
Dennis Schröder,real,0,PG,86,86,33,Margin,1.85,8,94,87,96,85,82,79,81,82,86,48,46,88,88,57,93,assets/players/basket/r_dennisschroder.webp
Andrew Wiggins,real,9,SF,89,89,31,Kaigam,1.98,22,86,89,83,82,90,97,87,91,90,82,83,87,87,88,96,assets/players/basket/r_andrewwiggins.webp
Zach LaVine,real,0,SG,90,90,31,Iberia,1.96,8,93,95,94,83,97,95,97,86,81,65,61,76,92,76,95,assets/players/basket/r_zachlavine.webp
Bam Adebayo,real,9,PF,92,92,29,Iberia,2.06,13,86,83,79,88,92,97,80,97,85,97,97,86,90,97,97,assets/players/basket/r_bamadebayo.webp
Tyrese Haliburton,real,3,PG,92,95,26,Kaigam,1.96,0,97,97,97,97,94,86,84,84,86,58,54,97,96,66,90,assets/players/basket/r_tyresehaliburton.webp
Cedi Osman,real,4,SF,84,84,31,Netanya,2.01,16,81,85,85,84,85,93,79,83,85,77,74,75,83,95,89,assets/players/basket/r_cediosman.webp
Jamal Murray,real,3,PG,94,94,29,Kaigam,1.93,27,97,92,97,97,92,90,90,93,89,65,60,97,97,74,97,assets/players/basket/r_jamalmurray.webp
Jusuf Nurkić,real,7,C,89,89,32,Zenet,2.11,30,74,67,67,82,80,91,59,95,73,97,97,82,82,97,91,assets/players/basket/r_jusufnurkic.webp
Jalen Brunson,real,3,PG,93,93,30,Iberia,1.88,11,97,97,97,97,82,88,87,89,91,55,51,97,97,72,97,assets/players/basket/r_jalenbrunson.webp
Evan Fournier,real,9,SG,85,85,34,Iberia,1.98,31,92,85,79,80,94,94,88,82,82,56,56,77,88,64,90,assets/players/basket/r_evanfournier.webp
Lauri Markkanen,real,6,C,93,93,29,Overmark,2.16,23,77,80,83,85,89,97,65,97,83,97,97,86,95,97,97,assets/players/basket/r_laurimarkkanen.webp
Pascal Siakam,real,1,SF,93,93,32,Riada,2.03,43,97,77,87,90,93,97,96,97,97,84,81,93,94,97,93,assets/players/basket/r_pascalsiakam.webp
Dario Saric,real,-1,PF,61,61,32,Zenet,2.08,0,54,56,42,48,58,66,52,64,54,62,68,54,58,76,66,assets/players/basket/r_dariosaric.webp
Rui Hachimura,real,3,SF,84,84,28,Tamago,2.03,28,81,86,78,76,87,85,88,89,88,80,77,70,87,91,88,assets/players/basket/r_ruihachimura.webp
Zion Williamson,real,5,SF,91,94,26,Magayanes,1.98,1,87,92,84,85,85,96,87,94,97,87,85,90,90,97,97,assets/players/basket/r_zionwilliamson.webp
Trae Young,real,10,PG,90,90,28,Iberia,1.88,3,91,91,95,95,85,83,89,83,83,49,53,97,93,61,95,assets/players/basket/r_traeyoung.webp
Steven Adams,real,7,C,83,83,33,Kaigam,2.11,12,65,59,54,65,70,86,43,87,67,93,94,68,81,97,80,assets/players/basket/r_stevenadams.webp
Ben Simmons,real,6,SG,83,83,30,Kaigam,2.08,25,88,82,84,80,92,82,87,78,75,67,57,87,82,78,91,assets/players/basket/r_bensimmons.webp
D'Angelo Russell,real,8,PG,90,90,30,Margin,1.91,5,93,93,97,97,85,85,87,81,85,55,51,95,93,59,93,assets/players/basket/r_dangelorussell.webp
Brandon Ingram,real,7,SF,91,91,29,Margin,2.03,3,89,88,87,91,87,97,90,97,97,82,89,86,93,89,94,assets/players/basket/r_brandoningram.webp
Bradley Beal,real,11,SG,80,80,33,Magayanes,1.93,0,78,86,79,71,81,87,89,74,78,51,52,75,77,65,85,assets/players/basket/r_bradleybeal.webp
Julius Randle,real,6,PF,92,92,32,Riada,2.06,30,88,78,74,92,90,97,81,93,87,97,94,92,93,97,97,assets/players/basket/r_juliusrandle.webp
Franz Wagner,real,1,PF,91,94,25,Margin,2.08,22,82,82,77,92,90,97,78,97,88,97,95,87,90,94,94,assets/players/basket/r_franzwagner.webp
Bismack Biyombo,real,8,C,76,76,34,Riada,2.03,18,53,58,52,55,68,76,44,84,63,85,81,65,69,93,74,assets/players/basket/r_bismackbiyombo.webp
Dāvis Bertāns,real,4,PF,78,78,34,Estovackia,2.08,9,70,70,74,75,76,82,67,82,79,84,71,72,83,91,76,assets/players/basket/r_davisbertans.webp
Alperen Sengun,real,0,C,92,95,24,Netanya,2.11,28,81,72,81,87,79,97,63,97,83,97,97,97,84,97,91,assets/players/basket/r_alperensengun.webp
Joffrey Lauvergne,real,0,C,74,74,35,Iberia,2.11,77,54,51,49,57,63,78,44,81,61,85,79,59,65,91,73,assets/players/basket/r_joffreylauvergne.webp
Alen Smailagic,real,-1,PF,66,69,26,Zenet,2.08,6,60,59,56,51,65,78,54,68,63,74,65,58,64,76,71,assets/players/basket/r_alensmailagic.webp
Tarris Reed Jr.,real,-1,C,61,67,23,Riada,2.11,10,47,43,36,51,56,70,34,67,54,70,59,53,56,77,56,assets/players/basket/r_tarrisreedjr.webp
Omer Yurtseven,real,-1,C,70,70,28,Netanya,2.11,0,59,55,45,47,60,78,40,76,58,77,71,61,68,89,72,assets/players/basket/r_omerfarukyurtseven.webp
Cody Martin,real,-1,SF,65,65,31,Iberia,1.98,0,67,63,65,61,65,70,61,67,69,55,56,58,70,63,72,assets/players/basket/r_codymartin.webp
Anfernee Simons,real,4,SG,86,86,27,Kaigam,1.91,22,86,94,86,74,88,90,96,86,80,60,48,76,82,78,92,assets/players/basket/r_anferneesimons.webp
Drew Eubanks,real,8,PF,73,73,29,Iberia,2.08,19,61,65,59,63,71,83,59,69,69,77,77,61,77,91,73,assets/players/basket/r_dreweubanks.webp
Caleb Wilson,real,-1,PF,62,72,20,Margin,2.08,8,59,45,54,57,63,71,43,70,60,67,58,54,63,73,67,assets/players/basket/r_calebwilson.webp
Caleb Martin,real,-1,SF,70,70,31,Kaigam,1.96,16,76,70,71,67,73,76,75,64,73,53,51,68,70,70,81,assets/players/basket/r_calebmartin.webp
Jay Miller,real,-1,SF,52,52,83,Margin,1.96,12,48,37,48,48,60,61,54,56,64,42,42,53,58,59,32,assets/players/basket/r_jaymiller.webp
Cristiano Felicio,real,-1,C,71,71,34,Tamago,2.11,6,53,50,56,53,60,75,43,75,57,80,78,60,60,90,69,assets/players/basket/r_cristianofelicio.webp
Emanuel Terry,real,-1,PF,66,66,30,Magayanes,2.06,0,55,67,52,57,67,74,60,74,56,72,66,56,61,81,68,assets/players/basket/r_emanuelterry.webp
Mac McClung,real,8,PG,74,74,27,Magayanes,1.88,5,80,80,84,71,69,67,75,63,66,40,35,74,78,47,81,assets/players/basket/r_macmcclung.webp
Tacko Fall,real,-1,C,61,61,31,Riada,2.26,99,40,42,37,38,50,68,32,68,54,66,65,49,56,78,61,assets/players/basket/r_tackofall.webp
Jack Kayil,real,-1,SF,62,72,20,Margin,1.98,0,67,62,52,67,70,67,63,62,62,48,49,60,66,55,71,assets/players/basket/r_jackkayil.webp
Josh Jackson,real,11,SG,84,84,29,Magayanes,2.03,55,88,90,76,76,92,88,94,78,80,64,54,76,80,70,90,assets/players/basket/r_joshjackson.webp
Kelan Martin,real,4,SF,73,73,31,Peronia,1.96,0,77,65,63,67,73,81,75,83,71,63,61,65,71,79,77,assets/players/basket/r_kelanmartin.webp
Tony Snell,real,5,SG,73,73,35,Kaigam,1.98,21,74,71,74,67,78,76,84,70,77,42,42,64,70,59,78,assets/players/basket/r_tonysnell.webp
OG Anunoby,real,8,SF,89,89,29,Kaigam,2.01,8,92,83,82,86,92,85,88,91,96,86,78,88,90,96,95,assets/players/basket/r_oganunoby.webp
Allen Crabbe,real,4,SG,80,80,34,Magayanes,1.96,0,83,85,70,66,90,84,90,76,79,51,53,73,81,68,85,assets/players/basket/r_allencrabbe.webp
Cam Reynolds,real,-1,SF,68,68,31,Margin,2.01,0,72,65,65,64,73,69,71,65,78,55,51,58,69,73,78,assets/players/basket/r_cameronreynolds.webp
Luke Kennard,real,5,SG,81,81,30,Magayanes,1.96,10,85,82,80,73,88,85,85,78,84,54,48,73,80,66,90,assets/players/basket/r_lukekennard.webp
Jonah Bolden,real,8,SF,72,72,30,Kaigam,2.03,0,72,68,72,65,73,74,80,73,72,60,57,67,76,74,77,assets/players/basket/r_jonahbolden.webp
Aaron Holiday,real,6,PG,77,77,30,Margin,1.83,0,82,85,85,74,76,75,77,68,71,42,37,72,83,46,87,assets/players/basket/r_aaronholiday.webp
Spencer Dinwiddie,real,10,PG,87,87,33,Iberia,1.96,26,86,86,96,94,74,77,83,77,82,49,45,94,92,66,91,assets/players/basket/r_spencerdinwiddie.webp
Kobi Simmons,real,2,SG,74,74,29,Magayanes,1.96,0,76,79,76,61,79,80,76,68,73,44,41,70,76,55,80,assets/players/basket/r_kobisimmons.webp
Ochai Agbaji,real,5,SG,72,75,26,Magayanes,1.96,30,73,74,74,69,73,79,85,65,67,39,38,62,74,63,72,assets/players/basket/r_ochaiagbaji.webp
Archie Goodwin,real,9,SG,76,76,32,Kaigam,1.96,10,77,80,71,63,75,85,85,79,77,49,40,68,76,62,78,assets/players/basket/r_archiegoodwin.webp
Guerschon Yabusele,real,9,SF,78,78,31,Iberia,2.01,28,74,75,75,71,76,82,80,81,89,69,65,73,83,81,84,assets/players/basket/r_guerschonyabusele.webp
Kadeem Allen,real,7,PG,75,75,33,Kaigam,1.85,0,83,73,81,71,69,70,78,62,71,32,37,78,82,51,87,assets/players/basket/r_kadeemallen.webp
Ryan Arcidiacono,real,-1,SG,70,70,32,Iberia,1.91,0,75,82,65,60,76,74,75,69,68,43,37,64,66,57,79,assets/players/basket/r_ryanarcidiacono.webp
Zuby Ejiofor,real,-1,PF,61,67,22,Magayanes,2.06,20,53,58,55,54,61,70,51,63,53,63,60,55,63,71,63,assets/players/basket/r_zubyejiofor.webp
Dewan Hernandez,real,-1,C,65,65,30,Magayanes,2.08,20,53,48,42,46,55,68,35,72,53,71,64,52,63,85,66,assets/players/basket/r_dewanhernandez.webp
Terence Davis,real,1,SG,80,80,29,Magayanes,1.93,3,86,83,75,71,87,83,88,74,80,51,51,72,81,65,92,assets/players/basket/r_terencedavis.webp
Eli John Ndiaye,real,-1,SF,62,68,22,Riada,1.98,0,68,60,60,58,69,67,56,66,62,50,49,63,67,53,66,assets/players/basket/r_elindiaye.webp
Damian Jones,real,11,C,73,73,31,Kaigam,2.08,30,56,63,51,58,66,77,45,76,64,80,81,59,72,84,72,assets/players/basket/r_damianjones.webp
Marquis Teague,real,-1,PG,66,66,33,Riada,1.88,20,70,64,65,73,58,67,61,58,64,32,32,68,71,44,75,assets/players/basket/r_marquisteague.webp
Wendell Carter Jr.,real,3,C,86,86,27,Magayanes,2.08,34,67,71,65,71,69,85,55,91,77,97,95,67,81,97,81,assets/players/basket/r_wendellcarterjr.webp
Chris Boucher,real,-1,SF,64,64,33,Magayanes,2.03,0,59,61,54,61,60,70,67,65,73,55,49,60,67,66,75,assets/players/basket/r_chrisboucher.webp
Christian Braun,real,1,SG,86,89,25,Margin,1.98,0,90,88,74,76,90,96,92,82,84,62,60,86,86,74,90,assets/players/basket/r_christianbraun.webp
Norvel Pelle,real,-1,C,64,64,33,Valurria,2.08,0,42,50,46,36,52,72,34,76,54,58,72,50,68,78,64,assets/players/basket/r_norvelpelle.webp
Hannes Steinbach,real,-1,PF,62,72,20,Margin,2.11,22,55,55,47,57,63,69,51,69,65,69,61,51,63,67,65,assets/players/basket/r_hannessteinbach.webp
Jerami Grant,real,5,SF,89,89,32,Magayanes,2.01,9,88,84,83,88,85,87,92,97,97,81,79,85,91,90,97,assets/players/basket/r_jeramigrant.webp
Santi Aldama,real,11,C,88,91,25,Grammes,2.13,34,69,71,64,70,81,97,57,94,75,97,93,84,82,97,86,assets/players/basket/r_santialdama.webp
Dusty Hannahs,real,-1,SG,70,70,33,Riada,1.91,0,72,70,65,62,76,79,73,69,74,36,38,65,68,57,73,assets/players/basket/r_dustyhannahs.webp
Cliff Alexander,real,-1,SF,60,60,31,Peronia,2.03,34,60,56,54,52,58,63,61,58,69,44,41,57,68,63,68,assets/players/basket/r_cliffalexander.webp
Tarik Black,real,0,PF,72,72,35,Iberia,2.06,28,53,59,51,63,71,77,59,85,69,75,75,57,71,91,71,assets/players/basket/r_tarikblack.webp
Johnny Hamilton,real,-1,SF,62,62,32,Iberia,1.98,0,66,54,52,58,70,64,66,63,69,50,51,60,65,56,68,assets/players/basket/r_johnnyhamilton.webp
Deonte Burton,real,-1,SG,63,63,32,Margin,1.93,0,67,69,56,52,67,64,71,60,61,35,32,60,63,55,67,assets/players/basket/r_deonteburton.webp
Maurice Harkless,real,0,SF,78,78,33,Margin,2.01,8,79,72,76,69,79,85,75,79,87,70,68,72,80,81,85,assets/players/basket/r_mauriceharkless.webp
Landry Shamet,real,10,SG,81,81,29,Margin,1.96,44,83,83,83,72,83,89,87,77,81,59,52,69,79,65,93,assets/players/basket/r_landryshamet.webp
Bryn Forbes,real,2,PG,80,80,33,Magayanes,1.88,0,86,87,83,75,77,80,75,73,75,44,36,89,84,60,88,assets/players/basket/r_brynforbes.webp
Jordan Ford,real,-1,PG,60,60,28,Iberia,1.85,31,63,72,62,58,55,58,60,58,55,32,32,59,65,33,69,assets/players/basket/r_jordanford.webp
PJ Hairston,real,11,SF,72,72,34,Magayanes,1.98,19,69,65,69,71,67,75,73,73,79,63,63,77,71,79,75,assets/players/basket/r_pjhairston.webp
Chris Silva,real,-1,SF,67,67,30,Riada,2.03,0,75,64,57,64,65,71,67,68,71,54,51,59,74,69,74,assets/players/basket/r_chrissilva.webp
Labaron Philon,real,-1,SG,61,71,21,Kaigam,1.93,0,65,61,59,52,69,59,70,60,60,35,34,50,63,43,68,assets/players/basket/r_labaronphilonjr.webp
George King,real,-1,SF,59,59,32,Margin,1.98,0,57,57,55,61,61,61,61,61,65,48,43,56,60,63,65,assets/players/basket/r_georgeking.webp
Max Strus,real,0,SG,84,84,30,Peronia,1.96,2,87,86,81,74,92,87,93,82,80,57,61,74,81,75,94,assets/players/basket/r_maxstrus.webp
Jacob Evans,real,-1,SG,65,65,29,Magayanes,1.93,12,72,68,61,49,74,68,69,65,66,34,32,51,66,57,78,assets/players/basket/r_jacobevans.webp
Aday Mara,real,-1,C,64,74,21,Grammes,2.18,15,43,41,40,49,49,74,33,71,48,73,67,54,59,80,64,assets/players/basket/r_adaymara.webp
Eric Paschall,real,9,SF,83,83,30,Peronia,1.98,0,84,84,86,76,82,84,80,82,88,68,72,82,82,86,94,assets/players/basket/r_ericpaschall.webp
Rakeem Christmas,real,-1,PF,60,60,35,Riada,2.06,25,54,46,48,48,60,68,54,62,52,64,60,52,58,80,58,assets/players/basket/r_rakeemchristmas.webp
Jabari Bird,real,-1,SG,66,66,32,Iberia,1.98,26,75,69,61,51,73,67,71,67,67,33,35,59,65,55,77,assets/players/basket/r_jabaribird.webp
Xavier Munford,real,-1,SG,68,68,34,Riada,1.93,0,69,76,65,62,69,75,74,65,67,41,37,60,71,58,74,assets/players/basket/r_xaviermunford.webp
Charles Cooke,real,-1,SG,58,58,32,Kaigam,1.96,4,62,65,58,50,63,60,72,53,57,34,32,38,59,48,59,assets/players/basket/r_charlescooke.webp
Miles Bridges,real,2,SF,89,89,28,Kaigam,2.01,0,87,85,91,89,85,96,84,93,93,84,80,87,90,94,95,assets/players/basket/r_milesbridges.webp
Christian Wood,real,3,SF,87,87,31,Peronia,2.03,35,86,82,78,85,85,91,91,91,94,79,84,80,91,81,90,assets/players/basket/r_christianwood.webp
Brandon Goodwin,real,9,PG,72,72,31,Margin,1.83,0,77,78,75,71,65,70,71,67,57,34,32,72,85,43,80,assets/players/basket/r_brandongoodwin.webp
Theo Pinson,real,-1,SG,66,66,31,Magayanes,2.01,1,69,72,57,58,71,76,71,56,67,37,34,61,63,60,72,assets/players/basket/r_theopinson.webp
Anthony Edwards,real,7,SG,94,97,25,Magayanes,1.93,5,97,94,94,86,97,97,97,92,94,68,73,88,96,79,97,assets/players/basket/r_anthonyedwards.webp
Marquese Chriss,real,0,PF,80,80,29,Riada,2.06,35,68,66,68,70,80,86,72,81,73,90,85,73,84,94,81,assets/players/basket/r_marquesechriss.webp
Cameron Carr,real,-1,SG,61,67,22,Riada,1.96,43,54,66,56,52,66,68,70,59,61,34,34,56,60,42,65,assets/players/basket/r_cameroncarr.webp
Gary Trent Jr.,real,8,SG,78,78,27,Iberia,1.96,5,82,83,77,69,81,84,90,70,79,44,47,60,78,67,84,assets/players/basket/r_garytrentjr.webp
Terry Rozier,real,7,PG,87,87,32,Margin,1.85,2,94,90,95,87,85,84,86,83,77,51,52,89,87,58,95,assets/players/basket/r_terryrozier.webp
Mikal Bridges,real,0,SG,88,88,30,Kaigam,1.98,25,90,89,82,85,92,95,91,84,86,63,58,84,90,69,96,assets/players/basket/r_mikalbridges.webp
Jalen Williams,real,6,SG,90,93,25,Iberia,1.96,8,94,91,91,82,94,92,87,96,83,61,67,94,90,72,96,assets/players/basket/r_jalenwilliams.webp
Nerlens Noel,real,11,C,81,81,32,Iberia,2.08,0,69,67,52,64,65,86,55,91,67,85,89,63,71,95,79,assets/players/basket/r_nerlensnoel.webp
Angel Delgado,real,-1,C,61,61,32,Magayanes,2.08,31,43,42,42,43,50,69,36,67,48,63,65,44,62,78,66,assets/players/basket/r_angeldelgado.webp
Daniel Theis,real,1,PF,74,74,34,Margin,2.03,0,71,68,61,67,71,75,66,75,75,82,76,67,73,83,77,assets/players/basket/r_danieltheis.webp
Wade Baldwin IV,real,-1,SG,68,68,30,Peronia,1.93,0,80,78,69,51,76,66,74,63,68,36,39,61,61,51,71,assets/players/basket/r_wadebaldwin.webp
Cameron Oliver,real,7,SF,84,84,30,Magayanes,2.03,0,82,83,76,77,85,88,84,86,94,75,79,79,84,86,88,assets/players/basket/r_cameronoliver.webp
Nick Johnson,real,-1,SG,63,63,34,Magayanes,1.91,3,60,60,59,56,70,70,67,63,70,34,32,60,61,45,69,assets/players/basket/r_nickjohnson.webp
Deandre Ayton,real,9,C,87,87,28,Magayanes,2.13,5,68,64,64,64,68,88,52,97,76,96,97,74,82,97,82,assets/players/basket/r_deandreayton.webp
Ausar Thompson,real,8,SG,84,90,23,Peronia,2.01,9,89,81,80,73,85,84,92,88,88,69,59,77,86,70,85,assets/players/basket/r_ausarthompson.webp
Daryl Macon,real,-1,PG,64,64,31,Kaigam,1.88,0,70,70,65,62,63,59,64,51,62,32,32,63,74,39,72,assets/players/basket/r_darylmacon.webp
Grant Williams,real,10,SF,79,79,28,Magayanes,2.01,2,81,74,73,73,82,83,82,82,84,78,66,70,73,87,80,assets/players/basket/r_grantwilliams.webp
Jarell Martin,real,10,PF,74,74,32,Iberia,2.08,2,63,66,56,64,70,78,65,79,74,77,78,60,73,91,79,assets/players/basket/r_jarellmartin.webp
Jarrod Uthoff,real,-1,PF,68,68,33,Peronia,2.06,7,58,63,59,60,63,77,60,70,68,70,66,61,71,76,70,assets/players/basket/r_jarroduthoff.webp
Skal Labissiere,real,11,PF,71,71,30,Magayanes,2.08,0,61,68,64,60,71,70,59,76,67,78,70,62,71,87,72,assets/players/basket/r_skallabissiere.webp
Dwayne Bacon,real,7,SG,79,79,31,Magayanes,1.98,8,83,85,76,67,86,83,84,74,78,49,52,70,77,65,90,assets/players/basket/r_dwaynebacon.webp
Josh Huestis,real,-1,SG,63,63,35,Magayanes,2.01,34,59,63,67,50,70,72,70,58,62,46,32,52,68,58,64,assets/players/basket/r_joshhuestis.webp
Bruno Caboclo,real,-1,PF,70,70,31,Tamago,2.06,0,61,66,62,67,67,77,66,73,68,71,65,62,70,84,77,assets/players/basket/r_brunocaboclo.webp
Devonte' Graham,real,10,PG,85,85,31,Margin,1.85,4,89,91,92,86,83,84,77,75,81,45,46,88,87,60,91,assets/players/basket/r_devontegraham.webp
Danuel House Jr.,real,6,SF,79,79,33,Peronia,1.98,0,81,76,72,76,80,84,76,79,87,70,68,72,82,80,84,assets/players/basket/r_danuelhouse.webp
Naz Reid,real,6,PF,87,87,27,Iberia,2.06,11,75,75,74,82,89,96,76,90,77,91,92,75,86,97,93,assets/players/basket/r_nazreid.webp
Clint Capela,real,5,C,72,72,32,Margin,2.08,30,56,60,51,59,64,76,44,78,60,76,76,55,70,90,70,assets/players/basket/r_clintcapela.webp
Tony Bradley,real,9,C,72,72,28,Margin,2.08,13,54,60,51,55,63,77,45,78,57,79,77,49,70,89,70,assets/players/basket/r_tonybradley.webp
Larry Nance Jr.,real,-1,PF,69,69,33,Kaigam,1.98,22,70,60,57,53,62,73,55,76,69,70,73,54,67,84,72,assets/players/basket/r_larrynancejr.webp
Grant Jerrett,real,-1,PF,61,61,33,Magayanes,2.08,17,55,51,57,59,61,67,55,63,61,65,65,53,53,75,59,assets/players/basket/r_grantjerrett.webp
Derik Queen,real,8,C,86,92,22,Peronia,2.06,22,73,67,60,73,76,87,53,92,68,95,96,70,82,97,87,assets/players/basket/r_derikqueen.webp
Meyers Leonard,real,10,C,75,75,34,Margin,2.13,3,53,55,51,53,63,83,43,83,63,81,77,57,75,91,75,assets/players/basket/r_meyersleonard.webp
Sterling Brown,real,6,SG,75,75,31,Riada,1.96,0,79,73,77,65,81,73,83,75,73,47,43,71,71,69,81,assets/players/basket/r_sterlingbrown.webp
Noah Vonleh,real,5,PF,75,75,31,Margin,2.08,0,68,66,58,66,72,75,63,71,70,79,79,68,80,91,83,assets/players/basket/r_noahvonleh.webp
Langston Galloway,real,1,PG,78,78,35,Kaigam,1.85,0,80,83,85,76,76,74,72,72,65,41,42,81,87,55,84,assets/players/basket/r_langstongalloway.webp
Bruce Thornton,real,-1,PG,61,67,23,Magayanes,1.88,0,69,69,69,56,54,58,53,53,55,32,32,63,66,39,71,assets/players/basket/r_brucethornton.webp
Alex Caruso,real,2,SG,79,79,32,Peronia,1.96,9,85,85,76,66,83,83,83,71,82,55,45,72,87,69,91,assets/players/basket/r_alexcaruso.webp
Dragan Bender,real,7,PF,77,77,29,Zenet,2.13,0,69,68,69,66,74,81,68,81,73,81,76,71,75,95,76,assets/players/basket/r_draganbender.webp
Shabazz Muhammad,real,3,SG,79,79,34,Riada,1.98,15,80,83,71,67,88,88,81,79,73,56,52,72,83,72,83,assets/players/basket/r_shabazzmuhammad.webp
Darius Acuff Jr.,real,-1,PG,62,72,20,Margin,1.88,5,65,69,68,61,62,60,58,58,52,32,32,63,63,40,70,assets/players/basket/r_dariusacuffjr.webp
Bruce Brown,real,4,SG,82,82,30,Iberia,1.93,11,87,85,79,74,86,87,87,82,78,53,52,82,79,70,85,assets/players/basket/r_brucebrownjr.webp
Tyrone Wallace,real,10,SG,73,73,32,Margin,1.96,0,75,81,75,63,77,79,71,71,69,52,48,67,76,57,85,assets/players/basket/r_tyronewallace.webp
Shaquille Harrison,real,9,SG,74,74,33,Iberia,1.93,0,79,79,73,59,82,80,82,68,77,46,39,63,72,58,74,assets/players/basket/r_shaquilleharrison.webp
Treveon Graham,real,-1,SG,69,69,33,Peronia,1.96,2,74,69,63,57,75,67,77,70,70,37,42,58,69,60,76,assets/players/basket/r_treveongraham.webp
Thon Maker,real,-1,C,71,71,29,Riada,2.13,0,58,63,43,49,59,75,40,75,61,77,76,61,69,87,68,assets/players/basket/r_thonmaker.webp
Jaylen Nowell,real,1,SG,82,82,27,Iberia,1.93,0,89,85,78,72,86,81,93,80,81,51,49,72,76,73,92,assets/players/basket/r_jaylennowell.webp
Montrezl Harrell,real,11,PF,85,85,32,Peronia,2.01,5,79,74,67,73,84,92,70,94,87,87,85,74,86,97,83,assets/players/basket/r_montrezlharrell.webp
Ugonna Onyenso,real,-1,C,60,66,22,Riada,2.11,0,44,50,35,57,46,67,35,65,52,61,65,48,53,75,56,assets/players/basket/r_ugonnaonyenso.webp
Semi Ojeleye,real,-1,SF,68,68,32,Iberia,1.98,0,70,73,65,57,67,76,68,66,76,46,48,58,67,77,77,assets/players/basket/r_semiojeleye.webp
Deni Avdija,real,2,SF,93,96,25,Netanya,2.03,8,90,91,97,97,96,95,90,95,91,89,84,97,93,95,90,assets/players/basket/r_deniavdija.webp
Pat Connaughton,real,-1,SG,64,64,33,Margin,1.96,21,66,64,60,56,66,70,74,60,62,34,32,52,66,60,68,assets/players/basket/r_patconnaughton.webp
Shamorie Ponds,real,-1,PG,61,61,28,Iberia,1.83,0,68,71,62,64,52,58,61,55,60,32,32,57,65,32,77,assets/players/basket/r_shamorieponds.webp
Aaron Harrison,real,-1,SG,63,63,32,Magayanes,1.98,9,72,68,55,59,69,69,68,60,63,43,32,49,64,51,67,assets/players/basket/r_aaronharrison.webp
Justise Winslow,real,5,SF,83,83,30,Margin,1.98,26,85,83,75,89,84,84,82,74,84,77,73,84,91,85,88,assets/players/basket/r_justisewinslow.webp
Norman Powell,real,3,SG,90,90,33,Kaigam,1.91,24,89,93,85,84,97,90,93,96,89,64,59,86,90,80,97,assets/players/basket/r_normanpowell.webp
Meleek Thomas,real,-1,SG,61,71,20,Iberia,1.96,15,66,71,61,56,67,62,69,55,55,35,32,57,61,42,68,assets/players/basket/r_meleekthomas.webp
Terrence Jones,real,8,PF,83,83,34,Margin,2.06,0,75,65,69,69,81,87,79,91,89,85,85,69,81,97,87,assets/players/basket/r_terrencejones.webp
Tim Hardaway Jr.,real,2,SG,84,84,34,Kaigam,1.96,10,81,80,79,75,90,95,89,85,86,63,52,71,87,69,88,assets/players/basket/r_timhardawayjr.webp
Malcolm Miller,real,-1,SG,61,61,33,Peronia,2.01,13,61,64,59,47,70,67,71,53,55,35,32,51,61,51,70,assets/players/basket/r_malcolmmiller.webp
Jordan Adams,real,-1,SG,66,66,32,Riada,1.96,3,75,68,61,53,77,79,64,59,65,32,32,61,64,53,69,assets/players/basket/r_jordanadams.webp
Noah Penda,real,-1,SG,70,80,21,Iberia,2.01,93,79,68,67,53,84,70,79,60,73,42,40,60,64,58,77,assets/players/basket/r_noahpenda.webp
Cameron Johnson,real,6,SF,85,85,30,Margin,2.03,23,87,79,83,83,83,89,83,87,89,81,73,85,89,83,91,assets/players/basket/r_cameronjohnson.webp
Henry Ellenson,real,-1,PF,69,69,29,Riada,2.08,0,58,62,53,62,67,78,61,76,58,73,67,53,75,81,72,assets/players/basket/r_henryellenson.webp
Naz Mitrou-Long,real,-1,SG,62,62,33,Kaigam,1.91,15,66,63,58,46,66,65,73,62,62,33,34,51,58,47,70,assets/players/basket/r_nazmitroulong.webp
Carsen Edwards,real,-1,PG,67,67,28,Iberia,1.8,4,71,75,74,68,55,60,66,57,60,33,32,68,73,45,74,assets/players/basket/r_carsenedwards.webp
Furkan Korkmaz,real,1,SG,77,77,29,Netanya,2.01,0,80,74,76,66,80,79,79,85,79,48,46,72,80,65,87,assets/players/basket/r_furkankorkmaz.webp
Ben McLemore,real,3,SG,81,81,33,Peronia,1.91,23,83,82,79,73,89,83,87,81,84,52,49,75,78,68,79,assets/players/basket/r_benmclemore.webp
Jarrett Allen,real,1,C,89,89,28,Margin,2.06,31,73,68,66,72,81,95,57,97,79,97,97,80,83,97,84,assets/players/basket/r_jarrettallen.webp
Tyus Jones,real,-1,PG,68,68,30,Margin,1.83,5,76,72,70,68,69,62,64,56,66,32,32,68,77,40,69,assets/players/basket/r_tyusjones.webp
Stanley Johnson,real,11,SF,78,78,30,Riada,1.98,0,85,75,75,70,77,77,72,82,85,69,64,75,85,81,88,assets/players/basket/r_stanleyjohnson.webp
Cody Zeller,real,9,C,81,81,34,Iberia,2.11,40,61,65,55,67,72,91,51,89,70,86,83,73,80,97,75,assets/players/basket/r_codyzeller.webp
Tristan da Silva,real,2,SF,83,86,25,Margin,2.03,23,87,85,84,78,85,89,81,79,89,72,66,81,84,83,94,assets/players/basket/r_tristandasilva.webp
Josh Richardson,real,-1,SG,69,69,33,Iberia,1.96,0,72,69,68,57,73,75,70,65,68,42,35,65,72,54,81,assets/players/basket/r_joshrichardson.webp
Caris LeVert,real,7,SG,80,80,32,Margin,2.01,8,79,89,75,74,87,84,82,77,82,57,48,77,78,73,84,assets/players/basket/r_carislevert.webp
Nik Stauskas,real,5,SG,78,78,33,Kaigam,1.98,13,83,81,75,73,80,79,83,78,83,53,47,70,79,66,75,assets/players/basket/r_nikstauskas.webp
Jalen Johnson,real,7,SF,93,96,25,Riada,2.03,1,85,86,97,97,92,93,89,97,94,93,93,97,92,90,97,assets/players/basket/r_jalenjohnson.webp
Wenyen Gabriel,real,10,PF,71,71,29,Riada,2.06,0,68,65,56,64,64,76,67,70,63,81,73,66,69,80,72,assets/players/basket/r_wenyengabriel.webp
Caleb Swanigan,real,-1,PF,67,67,29,Peronia,2.06,50,56,61,56,62,62,75,57,74,63,66,66,53,72,83,67,assets/players/basket/r_calebswanigan.webp
Zach Norvell Jr.,real,-1,SG,62,62,29,Peronia,1.96,0,64,67,58,46,68,76,70,60,59,37,32,54,56,44,70,assets/players/basket/r_zachnorvelljr.webp
Narcisse Ngoy,real,-1,SF,61,67,22,Iberia,1.98,0,58,62,60,53,61,67,64,61,73,52,52,62,63,45,69,assets/players/basket/r_narcissengoy.webp
Jared Harper,real,-1,PG,63,63,29,Margin,1.78,2,76,74,68,60,59,59,63,56,51,32,32,64,71,35,70,assets/players/basket/r_jaredharper.webp
Frank Kaminsky,real,10,C,83,83,33,Kaigam,2.13,33,66,64,53,68,72,93,53,92,74,84,85,77,82,97,85,assets/players/basket/r_frankkaminsky.webp
Shane Larkin,real,11,PG,76,76,34,Margin,1.8,8,85,79,84,76,63,75,74,68,74,32,32,79,79,52,75,assets/players/basket/r_shanelarkin.webp
PJ Dozier,real,-1,SG,60,60,30,Riada,1.98,0,67,70,54,47,66,67,67,50,63,33,32,50,59,54,68,assets/players/basket/r_pjdozier.webp
Dillon Mitchell,real,-1,SF,60,66,23,Iberia,2.03,0,58,58,53,55,67,58,56,63,70,51,41,58,66,60,63,assets/players/basket/r_dillonmitchell.webp
Tyler Johnson,real,0,SG,82,82,34,Peronia,1.91,0,84,85,77,79,88,85,84,82,77,55,55,75,85,63,90,assets/players/basket/r_tylerjohnson.webp
Alex Karaban,real,-1,SF,61,64,24,Peronia,2.03,33,64,62,58,60,64,65,64,56,70,55,45,54,58,62,63,assets/players/basket/r_alexkaraban.webp
Josh Okogie,real,-1,SG,71,71,28,Riada,1.93,20,75,83,66,58,69,70,84,73,68,43,49,58,72,60,81,assets/players/basket/r_joshokogie.webp
Justin Jackson,real,4,SF,75,75,31,Margin,2.03,0,74,72,73,71,78,78,75,80,77,68,63,76,73,77,84,assets/players/basket/r_justinjackson.webp
Moritz Wagner,real,10,C,78,78,29,Margin,2.11,13,61,62,53,65,69,88,47,86,67,87,81,62,68,96,69,assets/players/basket/r_moritzwagner.webp
Luguentz Dort,real,6,SG,81,81,27,Kaigam,1.93,5,85,93,76,70,91,82,90,77,78,58,46,72,76,65,81,assets/players/basket/r_luguentzdort.webp
Tomasz Novak,fict,-1,SF,62,71,24,Overmark,2.06,0,57,57,52,56,58,67,69,66,66,53,53,63,62,66,67,assets/players/basket/x_basquetf00000001.webp
Camilo Rojas,fict,5,C,73,73,31,Peronia,2.14,0,58,59,46,54,62,78,37,81,56,85,81,63,58,85,66,assets/players/basket/x_basquetf00100001.webp
Luca Ortega,fict,-1,PF,66,80,20,Margin,2.09,0,58,58,52,56,56,66,58,70,64,68,80,56,64,76,68,assets/players/basket/x_basquetf00200001.webp
Gabriel Herrera,fict,-1,C,59,73,20,Magayanes,2.16,0,42,41,37,42,42,61,32,68,36,72,69,47,50,69,56,assets/players/basket/x_basquetf00300001.webp
Nikola Georgiou,fict,-1,SF,61,61,30,Zenet,1.99,0,64,60,56,56,59,65,61,62,67,56,52,60,60,56,66,assets/players/basket/x_basquetf00400001.webp
Stefan Vik,fict,8,PF,80,84,23,Overmark,2.09,0,73,71,69,81,76,89,69,94,75,79,85,66,79,90,74,assets/players/basket/x_basquetf00500001.webp
Khabib Volkov,fict,-1,SF,60,60,28,Magayanes,2.02,0,55,61,50,56,61,65,56,61,63,59,49,54,59,66,69,assets/players/basket/x_basquetf00600001.webp
Malik Sanders,fict,-1,SF,68,77,22,Peronia,2.06,0,73,68,63,61,70,73,60,71,72,67,60,63,70,68,70,assets/players/basket/x_basquetf00700001.webp
Matías Souza,fict,-1,PF,58,67,20,Valurria,2.08,0,48,46,48,51,54,56,45,66,52,59,60,56,64,71,64,assets/players/basket/x_basquetf00800001.webp
Ignacio Solano,fict,-1,PF,68,69,25,Valurria,2.13,0,60,59,52,64,66,73,53,71,68,70,78,56,66,79,73,assets/players/basket/x_basquetf00900001.webp
Khabib Horvat,fict,1,SF,75,77,25,Valurria,2.06,0,71,72,73,77,82,76,72,77,70,66,65,76,76,78,80,assets/players/basket/x_basquetf01000001.webp
Facundo Ito,fict,-1,SF,64,73,24,Tamago,2.06,0,63,71,63,63,63,63,63,63,63,61,57,67,67,67,65,assets/players/basket/x_basquetf01100001.webp
Camilo Mendoza,fict,-1,SG,66,66,33,Tamago,2,0,67,68,60,57,68,74,74,62,65,46,37,57,66,59,73,assets/players/basket/x_basquetf01200001.webp
Youssef Osei,fict,-1,C,69,74,22,Sahar,2.19,0,55,51,44,55,57,65,38,74,57,80,77,62,57,83,63,assets/players/basket/x_basquetf01300001.webp
Ibrahim Mensah,fict,-1,PG,64,64,28,Sahar,1.9,0,62,68,69,72,63,57,58,55,57,32,32,73,66,43,68,assets/players/basket/x_basquetf01400001.webp
Declan Bianchi,fict,8,PG,71,82,21,Iberia,1.92,0,76,74,67,78,64,67,70,60,62,42,32,81,70,47,83,assets/players/basket/x_basquetf01500001.webp
Pablo Turner,fict,-1,PF,56,56,29,Iberia,2.1,0,47,51,44,51,44,62,51,66,51,57,63,51,50,65,61,assets/players/basket/x_basquetf01600001.webp
Emeka Camara,fict,-1,C,60,65,22,Riada,2.12,0,48,40,32,41,44,59,32,67,48,68,73,43,50,72,59,assets/players/basket/x_basquetf01700001.webp
Emiliano Condori,fict,-1,SG,64,68,24,Valurria,1.95,0,69,69,65,61,70,73,65,59,57,43,40,54,68,50,65,assets/players/basket/x_basquetf01800001.webp
Jack Costa,fict,8,SG,74,79,22,Grammes,1.95,0,68,77,77,68,86,74,79,81,67,51,40,68,69,67,76,assets/players/basket/x_basquetf01900001.webp
Mason Moore,fict,-1,SF,55,62,23,Grammes,2.04,0,54,58,50,50,52,58,48,62,60,50,42,52,58,58,62,assets/players/basket/x_basquetf02000001.webp
Marcos Okada,fict,-1,PF,58,58,29,Tamago,2.17,0,48,55,37,49,49,50,47,67,57,63,72,50,48,70,58,assets/players/basket/x_basquetf02100001.webp
Kwame Atangana,fict,-1,SG,59,59,33,Riada,1.97,0,61,64,58,51,63,66,65,62,57,35,32,52,53,42,60,assets/players/basket/x_basquetf02200001.webp
Lautaro Benítez,fict,-1,C,52,64,20,Tamago,2.17,0,34,40,32,32,42,53,32,61,35,59,64,32,50,65,49,assets/players/basket/x_basquetf02300001.webp
Tomás Schneider,fict,-1,SF,67,72,22,Estovackia,2.03,0,65,70,66,71,70,67,72,65,64,58,61,60,70,66,75,assets/players/basket/x_basquetf02400001.webp
Maximiliano Muñoz,fict,-1,PG,69,85,20,Sotoa,1.88,0,74,76,75,76,65,65,59,54,61,34,32,76,66,48,75,assets/players/basket/x_basquetf02500001.webp
Youssef Al-Farsi,fict,-1,SG,67,67,33,Sahar,1.94,0,70,64,72,63,70,69,70,72,65,40,34,60,63,54,74,assets/players/basket/x_basquetf02600001.webp
Isaiah Walker,fict,-1,SG,63,67,27,Peronia,2.02,0,69,69,56,62,62,67,64,65,65,33,34,64,59,53,71,assets/players/basket/x_basquetf02700001.webp
Rohan Sharma,fict,-1,SF,64,78,19,Kostanay,2.05,0,67,63,61,63,65,65,57,71,69,55,59,63,69,59,71,assets/players/basket/x_basquetf02800001.webp
Matías Araújo,fict,-1,SG,71,71,30,Tamago,2.01,0,66,73,65,67,74,74,77,72,70,46,38,73,72,62,79,assets/players/basket/x_basquetf02900001.webp
Gonzalo Vargas,fict,-1,SG,65,72,24,Sotoa,2.03,0,75,62,65,62,71,65,68,66,66,39,33,60,65,53,65,assets/players/basket/x_basquetf03000001.webp
Jamal Ayissi,fict,-1,SF,62,66,25,Riada,2.09,0,64,60,59,53,61,65,50,68,70,54,51,61,70,64,68,assets/players/basket/x_basquetf03100001.webp
Lucas Correa,fict,-1,PF,67,80,20,Sotoa,2.1,0,53,59,54,60,56,71,53,75,63,72,83,55,69,69,67,assets/players/basket/x_basquetf03200001.webp
Brayan Pereira,fict,-1,PF,62,64,25,Tamago,2.13,0,48,58,51,57,55,68,46,67,55,68,66,58,53,79,72,assets/players/basket/x_basquetf03300001.webp
Malik Nasser,fict,-1,SF,66,66,33,Riada,2.11,0,65,65,66,67,66,63,65,66,72,55,63,62,74,67,72,assets/players/basket/x_basquetf03400001.webp
Sami Benali,fict,6,C,73,73,29,Skote,2.18,0,57,61,48,55,55,77,32,80,63,78,87,62,59,87,75,assets/players/basket/x_basquetf03500001.webp
Amadou Zniber,fict,-1,SF,59,69,20,Sahar,2.01,0,60,53,63,58,61,65,54,61,66,51,51,57,58,57,54,assets/players/basket/x_basquetf03600001.webp
Brayan Castro,fict,-1,C,67,76,24,Magayanes,2.15,0,55,54,40,50,53,75,32,70,51,78,74,55,59,79,64,assets/players/basket/x_basquetf03700001.webp
Bautista Ayala,fict,-1,PF,64,67,23,Tamago,2.08,0,56,57,51,57,57,65,52,72,55,71,73,57,57,75,62,assets/players/basket/x_basquetf03800001.webp
Ivan Dragic,fict,-1,SG,61,70,23,Peronia,1.97,0,67,64,56,51,68,67,65,56,56,33,34,65,61,45,62,assets/players/basket/x_basquetf03900001.webp
Thiago Ramírez,fict,-1,SG,59,59,32,Sotoa,1.92,0,56,61,55,44,65,66,69,59,56,34,32,52,57,50,59,assets/players/basket/x_basquetf04000001.webp
Tomasz Nazarov,fict,-1,SG,68,72,22,Zenet,1.98,0,70,75,64,61,70,74,74,73,62,38,37,60,66,53,71,assets/players/basket/x_basquetf04100001.webp
Omar Reynoso,fict,-1,SG,69,69,26,Magayanes,2.07,0,72,74,71,65,74,73,74,61,68,44,41,67,62,55,73,assets/players/basket/x_basquetf04200001.webp
Tomás Perrin,fict,-1,SF,64,64,26,Iberia,1.98,0,69,59,61,55,63,67,63,66,69,54,57,65,63,70,72,assets/players/basket/x_basquetf04300001.webp
Diego Baldivieso,fict,-1,PF,57,68,21,Valurria,2.18,0,51,51,47,50,50,60,43,60,51,69,62,45,52,68,59,assets/players/basket/x_basquetf04400001.webp
Mason Cowell,fict,-1,PG,67,67,26,Kaigam,1.88,0,74,72,71,73,64,67,60,61,61,32,32,70,65,44,79,assets/players/basket/x_basquetf04500001.webp
Jonas Murphy,fict,-1,C,67,67,30,Estovackia,2.15,0,48,44,44,52,52,66,40,74,48,80,76,58,62,76,64,assets/players/basket/x_basquetf04600001.webp
Emeka Diallo,fict,-1,SF,57,66,21,Sahar,2.07,0,54,57,50,51,60,62,50,60,65,47,47,58,57,56,61,assets/players/basket/x_basquetf04700001.webp
Omar Lahlou,fict,-1,SF,55,70,20,Sahar,2.04,0,66,49,53,54,52,59,60,56,55,46,46,51,59,57,57,assets/players/basket/x_basquetf04800001.webp
Samuel Tazi,fict,-1,C,65,65,29,Sahar,2.21,0,59,50,44,55,56,63,32,69,54,70,80,58,61,69,64,assets/players/basket/x_basquetf04900001.webp
Jun Singh,fict,-1,SG,50,50,27,Tamago,1.97,0,54,46,44,44,53,53,58,52,50,32,32,47,49,37,45,assets/players/basket/x_basquetf05000001.webp
Andrés Aoki,fict,4,SG,76,84,22,Tamago,1.97,0,76,80,73,67,75,78,85,73,73,50,49,73,76,58,89,assets/players/basket/x_basquetf05100001.webp
Isaiah Botha,fict,5,SF,76,76,28,Skote,2.05,0,80,74,75,76,74,80,77,72,82,69,73,79,71,71,83,assets/players/basket/x_basquetf05200001.webp
Tomasz Knežević,fict,-1,PG,61,62,26,Zenet,1.89,0,62,66,63,66,50,58,61,59,58,32,32,68,64,42,65,assets/players/basket/x_basquetf05300001.webp
Hassan Onana,fict,-1,SF,53,69,21,Riada,2.09,0,55,49,48,55,56,59,52,54,57,45,46,49,55,49,56,assets/players/basket/x_basquetf05400001.webp
Julián Acosta,fict,-1,SF,64,72,23,Tamago,2.02,0,64,66,68,64,60,64,61,71,67,59,55,63,68,62,69,assets/players/basket/x_basquetf05500001.webp
Liam Longo,fict,0,SF,76,85,21,Melonia,2.08,0,78,76,72,76,74,84,68,80,78,68,64,74,82,74,84,assets/players/basket/x_basquetf05600001.webp
Isaiah Ndlovu,fict,-1,PF,58,65,21,Skote,2.08,0,48,48,47,52,50,58,45,64,51,65,63,48,59,75,60,assets/players/basket/x_basquetf05700001.webp
Bruno Domínguez,fict,-1,PF,48,61,21,Magayanes,2.07,0,41,45,32,40,39,57,36,52,48,54,53,39,40,55,61,assets/players/basket/x_basquetf05800001.webp
Julián Santos,fict,-1,SF,69,69,31,Tamago,2.02,0,72,66,63,64,68,74,64,74,74,69,55,68,70,68,71,assets/players/basket/x_basquetf05900001.webp
Declan Vuković,fict,-1,SG,58,73,21,Zenet,2.01,0,62,63,62,53,61,62,62,55,53,35,32,54,57,44,66,assets/players/basket/x_basquetf06000001.webp
Facundo Oliveira,fict,-1,SG,62,62,33,Tamago,1.91,0,70,58,60,55,65,61,68,62,57,35,32,62,67,60,69,assets/players/basket/x_basquetf06100001.webp
Julián Sosa,fict,-1,PF,53,63,19,Tamago,2.11,0,41,44,40,51,53,54,44,64,48,53,56,44,54,61,55,assets/players/basket/x_basquetf06200001.webp
Mason Cuadrado,fict,-1,PG,52,53,27,Peronia,1.87,0,50,55,56,55,47,41,50,46,48,32,32,54,55,35,66,assets/players/basket/x_basquetf06300001.webp
Gabriel Macedo,fict,-1,SG,62,62,28,Tamago,1.98,0,65,66,63,52,71,58,73,57,61,34,32,57,63,40,65,assets/players/basket/x_basquetf06400001.webp
Emiliano Cabrera,fict,-1,PF,61,61,33,Magayanes,2.1,0,61,57,54,53,57,65,47,61,61,61,72,55,58,66,63,assets/players/basket/x_basquetf06500001.webp
Rodrigo Rodríguez,fict,-1,SG,58,58,25,Tamago,1.95,0,62,60,65,48,61,59,64,58,53,32,40,48,56,48,62,assets/players/basket/x_basquetf06600001.webp
Gustavo Molina,fict,-1,SF,63,77,20,Tamago,2.05,0,71,53,63,61,60,64,61,68,70,59,49,60,63,65,69,assets/players/basket/x_basquetf06700001.webp
Adrián Gómez,fict,-1,PF,67,67,29,Grammes,2.18,0,65,58,58,58,62,71,49,73,65,71,78,57,63,74,66,assets/players/basket/x_basquetf06800001.webp
Iván Lima,fict,-1,C,70,79,22,Costas Unidas,2.07,0,56,52,49,51,57,68,35,71,56,83,82,60,61,86,71,assets/players/basket/x_basquetf06900001.webp
Declan MacDonald,fict,-1,PF,69,69,31,Grammes,2.06,0,62,64,56,64,64,73,57,78,63,68,76,69,66,76,73,assets/players/basket/x_basquetf07000001.webp
Agustín Núñez,fict,-1,SF,60,60,29,Tamago,2.07,0,61,54,59,63,61,62,56,66,68,47,45,61,57,57,62,assets/players/basket/x_basquetf07100001.webp
Ivan Babić,fict,-1,PF,54,68,20,Zenet,2.16,0,41,52,47,44,53,55,46,58,45,62,63,49,54,63,54,assets/players/basket/x_basquetf07200001.webp
Marcos Villagra,fict,-1,SG,65,65,29,Sotoa,2,0,71,71,64,64,64,60,73,69,63,41,33,56,65,50,67,assets/players/basket/x_basquetf07300001.webp
Julián Bravo,fict,-1,PF,66,69,26,Magayanes,2.09,0,64,56,59,63,57,69,50,74,62,68,71,60,68,76,68,assets/players/basket/x_basquetf07400001.webp
Tua Machaca,fict,-1,PF,60,69,24,Magayanes,2.09,0,65,53,46,55,53,67,44,66,53,61,68,50,64,68,57,assets/players/basket/x_basquetf07500001.webp
Jalen Hayes,fict,-1,SF,59,59,32,Peronia,2.04,0,60,61,56,59,60,58,57,60,62,50,50,57,59,62,60,assets/players/basket/x_basquetf07600001.webp
Youssef Khalil,fict,-1,PG,57,66,19,Sahar,1.88,0,59,59,60,61,52,50,55,48,51,32,32,60,63,38,65,assets/players/basket/x_basquetf07700001.webp
Tyrese Brooks,fict,-1,SG,59,59,30,Kaigam,1.91,0,62,56,58,53,64,63,63,57,57,35,32,60,61,53,58,assets/players/basket/x_basquetf07800001.webp
Matías Guzmán,fict,-1,PF,63,63,31,Magayanes,2.16,0,57,57,51,59,58,63,53,62,60,68,77,55,58,73,69,assets/players/basket/x_basquetf07900001.webp
Devin Mateos,fict,-1,SF,56,67,19,Grammes,2.03,0,57,53,52,56,53,56,54,58,58,47,51,55,62,56,65,assets/players/basket/x_basquetf08000001.webp
Kyle Bell,fict,-1,SG,67,67,30,Valurria,1.98,0,64,68,62,60,76,74,70,66,64,44,38,60,68,50,72,assets/players/basket/x_basquetf08100001.webp
Malik Bassong,fict,-1,PG,63,63,29,Riada,1.9,0,62,65,68,65,54,56,69,54,58,32,32,71,63,40,66,assets/players/basket/x_basquetf08200001.webp
Marcos Morales,fict,9,PF,73,73,33,Sotoa,2.11,0,68,63,59,71,69,79,57,74,73,79,83,58,69,85,74,assets/players/basket/x_basquetf08300001.webp
Rodrigo Velasco,fict,-1,SF,54,62,22,Sotoa,2.06,0,60,55,47,53,55,53,52,53,59,48,48,55,54,52,64,assets/players/basket/x_basquetf08400001.webp
Arjun Tanaka,fict,-1,SF,61,61,32,Tamago,2.08,0,59,64,64,53,58,66,60,63,67,50,53,61,68,61,60,assets/players/basket/x_basquetf08500001.webp
Dmitri Knudsen,fict,10,SF,73,85,21,Overmark,2.11,0,72,72,66,72,70,79,72,81,76,60,65,71,74,73,79,assets/players/basket/x_basquetf08600001.webp
Jan Jansen,fict,-1,SF,70,76,24,Iberia,2.09,0,73,71,60,69,65,80,67,72,78,61,65,70,68,64,71,assets/players/basket/x_basquetf08700001.webp
Thiago Guerrero,fict,-1,SF,58,67,19,Sotoa,2.05,0,57,58,50,60,55,67,59,61,62,55,52,55,59,56,59,assets/players/basket/x_basquetf08800001.webp
Yeison Pires,fict,-1,PF,50,60,20,Tamago,2.1,0,43,44,37,45,48,50,34,55,49,57,56,48,48,63,47,assets/players/basket/x_basquetf08900001.webp
Kofi Okafor,fict,-1,PF,59,61,26,Sahar,2.11,0,49,52,50,49,55,61,48,70,45,65,69,52,58,67,60,assets/players/basket/x_basquetf09000001.webp
Lautaro Peralta,fict,-1,PG,68,68,29,Tamago,1.93,0,77,64,73,70,59,64,63,62,64,32,32,71,74,42,72,assets/players/basket/x_basquetf09100001.webp
Gustavo Nakamura,fict,-1,C,65,70,22,Tamago,2.21,0,51,46,42,48,57,67,38,70,54,73,78,47,57,75,62,assets/players/basket/x_basquetf09200001.webp
Darius Larrañaga,fict,-1,SG,57,66,23,Grammes,2,0,61,53,49,56,59,64,65,55,55,35,32,50,59,40,66,assets/players/basket/x_basquetf09300001.webp
Gabriel Coelho,fict,-1,SF,61,70,21,Tamago,2.03,0,52,61,53,58,63,64,59,65,68,56,58,63,61,60,62,assets/players/basket/x_basquetf09400001.webp
Omar Traoré,fict,-1,SF,48,57,19,Netanya,1.99,0,57,48,46,49,48,48,52,49,47,37,41,53,47,46,51,assets/players/basket/x_basquetf09500001.webp
Oliver de Vries,fict,-1,PF,66,66,33,Zenet,2.1,0,66,62,55,57,52,71,51,69,67,72,71,55,66,71,69,assets/players/basket/x_basquetf09600001.webp
Trey Marino,fict,-1,SG,59,68,24,Peronia,2,0,59,63,51,53,64,59,71,57,59,34,32,55,59,48,67,assets/players/basket/x_basquetf09700001.webp
Mason Lerma,fict,-1,SF,70,70,28,Peronia,2.04,0,71,68,57,65,70,78,70,72,74,62,62,69,75,69,72,assets/players/basket/x_basquetf09800001.webp
Dmitri Jurić,fict,-1,SF,62,72,20,Zenet,2.06,0,64,56,61,68,61,66,63,65,65,48,53,60,63,58,72,assets/players/basket/x_basquetf09900001.webp
Ibrahim Abregú,fict,-1,PF,60,60,28,Magayanes,2.05,0,53,51,48,47,56,66,41,65,57,65,72,53,59,68,59,assets/players/basket/x_basquetf10000001.webp
Omar Jebli,fict,-1,SF,60,67,24,Sahar,2.1,0,59,65,56,51,67,63,56,63,61,51,54,56,61,58,62,assets/players/basket/x_basquetf10100001.webp
Diego Borges,fict,-1,SG,62,74,21,Tamago,1.93,0,62,57,57,54,69,73,70,58,56,35,35,56,64,57,70,assets/players/basket/x_basquetf10200001.webp
Jan Müller,fict,-1,SG,51,60,19,Iberia,1.95,0,52,56,51,47,55,50,57,56,46,32,32,43,49,39,60,assets/players/basket/x_basquetf10300001.webp
Rafael Cardoso,fict,-1,PG,62,62,29,Tamago,1.83,0,61,68,64,68,60,56,54,59,55,32,32,68,67,39,71,assets/players/basket/x_basquetf10400001.webp
Wilmer Fernández,fict,-1,PG,64,68,22,Tamago,1.93,0,66,68,65,64,59,57,62,56,62,32,32,74,69,42,72,assets/players/basket/x_basquetf10500001.webp
Lucas Portocarrero,fict,-1,SF,55,62,22,Sotoa,2.11,0,52,49,55,49,56,60,48,59,62,50,43,50,54,58,62,assets/players/basket/x_basquetf10600001.webp
Dmitri Castillo,fict,-1,PF,65,65,33,Magayanes,2.03,0,52,63,51,62,61,71,44,72,59,68,73,50,61,81,69,assets/players/basket/x_basquetf10700001.webp
Stefan Jelić,fict,-1,PF,58,58,32,Zenet,2.13,0,48,53,45,50,50,59,48,65,52,60,68,50,58,71,63,assets/players/basket/x_basquetf10800001.webp
Felipe Vieira,fict,-1,SF,56,56,33,Tamago,2.01,0,56,46,52,55,59,60,58,54,57,54,47,56,54,60,62,assets/players/basket/x_basquetf10900001.webp
Andrés Prado,fict,-1,PF,64,78,21,Tamago,2.11,0,57,60,52,63,57,64,52,68,60,70,71,60,62,76,64,assets/players/basket/x_basquetf11000001.webp
Cody Heredia,fict,-1,SF,59,59,30,Peronia,2.09,0,64,54,55,56,56,67,57,59,69,52,51,56,60,61,58,assets/players/basket/x_basquetf11100001.webp
Amadou Kamdem,fict,-1,PG,56,56,33,Riada,1.91,0,56,57,57,63,45,49,54,48,51,32,32,66,57,35,64,assets/players/basket/x_basquetf11200001.webp
Trey Foster,fict,-1,SG,56,56,33,Kaigam,2.04,0,58,56,49,52,57,54,64,62,52,32,32,55,58,37,63,assets/players/basket/x_basquetf11300001.webp
Omar Ondoa,fict,-1,SF,63,67,27,Riada,2.03,0,63,61,57,62,61,71,59,66,67,62,54,61,62,63,64,assets/players/basket/x_basquetf11400001.webp
Wilmer Barros,fict,-1,PG,65,74,24,Tamago,1.92,0,70,66,66,67,60,63,58,56,59,32,32,75,69,43,73,assets/players/basket/x_basquetf11500001.webp
Nicolás Batista,fict,-1,SG,56,56,31,Tamago,1.96,0,58,57,57,50,62,56,65,50,51,35,32,57,57,46,57,assets/players/basket/x_basquetf11600001.webp
Jan Barone,fict,-1,SG,50,59,22,Melonia,1.97,0,48,52,46,45,50,56,57,50,52,32,32,46,50,36,50,assets/players/basket/x_basquetf11700001.webp
Yeison Guedes,fict,-1,SF,50,56,19,Tamago,2.08,0,50,50,41,48,46,55,47,51,55,41,35,50,57,51,52,assets/players/basket/x_basquetf11800001.webp
Marcos Kobayashi,fict,-1,PG,69,73,24,Tamago,1.91,0,74,77,76,71,63,61,62,67,62,41,34,76,69,51,76,assets/players/basket/x_basquetf11900001.webp
Karim Sadjo,fict,-1,PF,51,51,29,Riada,2.1,0,44,36,38,40,43,54,37,61,49,57,56,46,50,64,52,assets/players/basket/x_basquetf12000001.webp
Adrián Ruiz,fict,11,C,74,74,28,Grammes,2.23,0,66,58,57,59,59,78,39,85,66,84,80,59,70,84,61,assets/players/basket/x_basquetf12100001.webp
Ignacio Vélez,fict,-1,SF,48,48,32,Costas Unidas,2.02,0,46,49,42,42,44,52,50,58,48,37,37,45,50,50,52,assets/players/basket/x_basquetf12200001.webp
Trey Goikoetxea,fict,-1,SG,60,60,28,Grammes,1.92,0,65,59,56,58,60,70,71,55,56,34,32,47,53,49,74,assets/players/basket/x_basquetf12300001.webp
Jalen Fotso,fict,-1,PF,65,67,27,Riada,2.12,0,58,60,46,60,60,66,54,74,58,64,78,54,62,74,68,assets/players/basket/x_basquetf12400001.webp
Milan Næss,fict,-1,PG,66,70,22,Overmark,1.92,0,67,63,77,69,61,63,64,60,49,32,32,75,67,45,79,assets/players/basket/x_basquetf12500001.webp
Brayan Quiroga,fict,-1,SG,57,63,24,Magayanes,1.94,0,55,64,51,55,59,63,64,56,50,33,32,53,55,43,66,assets/players/basket/x_basquetf12600001.webp
Trey Iglesias,fict,-1,SG,61,61,33,Grammes,2.04,0,67,55,57,51,64,63,68,63,62,39,34,56,59,54,67,assets/players/basket/x_basquetf12700001.webp
Vinícius Freitas,fict,-1,PF,57,63,23,Tamago,2.12,0,47,43,49,54,55,55,46,65,47,59,65,46,57,67,65,assets/players/basket/x_basquetf12800001.webp
Stefan Tomić,fict,-1,PF,68,79,21,Zenet,2.13,0,60,58,59,58,62,74,58,73,69,77,70,56,71,72,72,assets/players/basket/x_basquetf12900001.webp
Tua Ávila,fict,3,SG,78,78,32,Peronia,2,0,82,83,78,75,83,77,83,77,78,54,49,73,76,66,79,assets/players/basket/x_basquetf13000001.webp
Devin Haworth,fict,-1,PG,71,71,29,Kaigam,1.91,0,72,69,73,79,62,70,62,63,66,35,32,80,78,47,83,assets/players/basket/x_basquetf13100001.webp
Andrés Giménez,fict,4,SF,73,76,26,Magayanes,2.06,0,72,73,78,68,74,77,76,72,81,59,60,71,73,68,82,assets/players/basket/x_basquetf13200001.webp
Gabriel Sato,fict,-1,PF,64,71,24,Tamago,2.13,0,57,58,59,56,61,68,53,60,65,73,70,57,64,64,66,assets/players/basket/x_basquetf13300001.webp
Kenji Kasenov,fict,-1,C,53,53,31,Kostanay,2.15,0,33,32,32,39,47,53,32,63,35,62,62,38,43,65,51,assets/players/basket/x_basquetf13400001.webp
Wilmer Zabala,fict,-1,SG,66,66,28,Sotoa,2,0,68,64,68,62,68,68,72,64,68,44,34,56,64,60,74,assets/players/basket/x_basquetf13500001.webp
Brayan Teixeira,fict,-1,SF,69,69,30,Tamago,2.02,0,63,70,69,72,62,65,70,72,77,61,64,71,62,74,79,assets/players/basket/x_basquetf13600001.webp
Ignacio Almeida,fict,1,SF,72,72,25,Tamago,1.97,0,75,74,67,69,75,73,67,76,76,64,61,71,71,74,76,assets/players/basket/x_basquetf13700001.webp
Ignacio Ledesma,fict,-1,PF,69,69,32,Peronia,2.04,0,64,59,59,67,58,67,57,79,59,70,79,60,68,78,76,assets/players/basket/x_basquetf13800001.webp
Matías Lopes,fict,-1,PG,64,64,29,Tamago,1.92,0,69,70,62,72,59,60,58,59,47,32,32,72,70,39,73,assets/players/basket/x_basquetf13900001.webp
Ivan Cvitković,fict,-1,SF,61,67,23,Zenet,2.09,0,66,50,60,60,62,63,56,60,64,52,48,64,67,62,65,assets/players/basket/x_basquetf14000001.webp
Sami Zambo,fict,-1,SF,58,59,27,Riada,2.04,0,59,52,48,60,56,65,60,59,68,46,47,56,61,59,61,assets/players/basket/x_basquetf14100001.webp
Julián Andrade,fict,-1,SG,61,77,19,Tamago,2.01,0,67,65,64,58,60,64,65,57,59,40,32,53,60,46,67,assets/players/basket/x_basquetf14200001.webp
Darius Rivas,fict,-1,SF,68,82,19,Morvicia,2.02,0,67,64,62,76,71,68,70,69,72,65,62,63,70,61,74,assets/players/basket/x_basquetf14300001.webp
Brayan Yamada,fict,-1,PF,66,66,30,Tamago,2.11,0,55,55,51,61,55,71,57,67,63,77,73,57,65,81,69,assets/players/basket/x_basquetf14400001.webp
Milan Franjić,fict,-1,SF,53,66,20,Zenet,1.93,0,53,48,50,39,49,63,51,61,61,54,43,50,53,54,59,assets/players/basket/x_basquetf14500001.webp
Trey Cele,fict,-1,SF,62,65,25,Skote,2.1,0,67,62,61,62,66,65,58,68,64,54,49,59,54,62,69,assets/players/basket/x_basquetf14600001.webp
Devin Maldonado,fict,-1,SF,66,66,28,Peronia,2,0,68,63,62,62,65,66,74,70,74,57,57,66,67,64,62,assets/players/basket/x_basquetf14700001.webp
Ezequiel Siqueira,fict,3,C,76,80,24,Tamago,2.21,0,62,56,50,58,64,82,40,88,58,82,90,62,70,84,72,assets/players/basket/x_basquetf14800001.webp
Marco Ferrari,fict,-1,C,53,60,19,Baikal,2.13,0,43,35,32,32,40,58,32,57,38,65,59,46,49,65,48,assets/players/basket/x_basquetf14900001.webp
Felipe Carmona,fict,-1,SF,71,71,25,Costas Unidas,2.05,0,68,73,64,70,69,76,76,74,75,60,62,68,70,71,81,assets/players/basket/x_basqueti00000001.webp
Devin Jara,fict,-1,PG,66,73,23,Morvicia,1.93,0,68,69,72,70,60,59,65,61,58,32,32,64,71,45,78,assets/players/basket/x_basqueti00100001.webp
Andrés Peixoto,fict,-1,SG,65,69,22,Tamago,1.98,0,69,62,64,68,75,66,70,66,60,38,38,60,58,52,68,assets/players/basket/x_basqueti00200001.webp
Emiliano Perotti,fict,-1,SG,60,60,26,Costas Unidas,1.98,0,57,61,62,55,66,67,67,58,56,37,32,56,58,51,64,assets/players/basket/x_basqueti00300001.webp
Mason Tagoa,fict,-1,SG,59,59,30,Magayanes,2.03,0,66,64,56,53,62,62,63,64,58,34,34,49,60,47,58,assets/players/basket/x_basqueti00400001.webp
Stefan Popov,fict,-1,PG,69,69,30,Estovackia,1.86,0,65,77,77,72,66,60,67,56,58,37,32,78,75,44,72,assets/players/basket/x_basqueti00500001.webp
Hassan Haddad,fict,9,C,75,79,27,Magayanes,2.18,0,60,62,53,59,67,80,37,80,59,80,86,66,67,90,79,assets/players/basket/x_basqueti00600001.webp
Tyler Soria,fict,-1,PG,62,62,31,Costas Unidas,1.92,0,60,59,70,72,54,59,62,57,50,32,32,65,65,39,67,assets/players/basket/x_basqueti00700001.webp
Ibrahim Filali,fict,-1,PG,59,63,25,Sahar,1.84,0,59,63,65,65,55,51,47,57,51,32,32,69,59,33,65,assets/players/basket/x_basqueti00800001.webp
Ibrahim Hakimi,fict,-1,PF,52,60,19,Sahar,2.07,0,46,47,44,51,42,60,36,57,49,54,62,43,51,61,54,assets/players/basket/x_basqueti00900001.webp
Kyle Essomba,fict,-1,PG,52,56,25,Riada,1.93,0,47,55,50,60,48,51,49,52,48,32,32,60,59,32,50,assets/players/basket/x_basqueti01000001.webp
Gabriel Sequeira,fict,3,PF,74,81,21,Valurria,2.12,0,74,71,57,71,72,81,66,77,65,80,73,60,71,87,83,assets/players/basket/x_basqueti01100001.webp
Arjun Saito,fict,-1,PG,70,70,32,Tamago,1.92,0,71,70,75,78,61,66,65,64,63,41,32,76,76,40,79,assets/players/basket/x_basqueti01200001.webp
Caio Goto,fict,-1,SG,59,59,29,Tamago,2.02,0,55,63,50,56,62,65,64,57,65,32,32,50,62,47,71,assets/players/basket/x_basqueti01300001.webp
Hassan Tchoua,fict,-1,C,58,58,30,Riada,2.19,0,39,41,33,41,46,68,32,68,35,68,67,43,52,67,54,assets/players/basket/x_basqueti01400001.webp
Ibrahim Idrissi,fict,-1,PG,58,71,19,Sahar,1.93,0,61,60,63,67,47,53,54,45,49,32,32,65,59,35,64,assets/players/basket/x_basqueti01500001.webp
Ibrahim Katz,fict,-1,PF,71,86,20,Netanya,2.07,0,62,68,54,69,65,71,60,79,69,73,77,65,67,82,70,assets/players/basket/x_basqueti01600001.webp
Marko Fjeld,fict,-1,C,61,64,23,Overmark,2.17,0,48,46,37,39,46,64,32,69,43,74,73,49,55,72,52,assets/players/basket/x_basqueti01700001.webp
Luca Bustillo,fict,-1,SF,51,53,25,Grammes,2.03,0,47,52,46,52,56,58,51,51,56,37,40,53,51,51,56,assets/players/basket/x_basqueti01800001.webp
Emiliano Ueda,fict,-1,SG,56,56,30,Tamago,2.02,0,58,59,54,52,56,63,64,53,52,32,32,51,56,42,58,assets/players/basket/x_basqueti01900001.webp
Milan Lukić,fict,-1,PG,51,51,32,Zenet,1.94,0,49,52,55,55,43,48,52,39,43,32,32,59,53,32,56,assets/players/basket/x_basqueti02000001.webp
Ibrahim Bakari,fict,-1,PG,62,64,26,Magayanes,1.9,0,64,65,63,63,57,56,60,56,57,32,32,70,65,35,73,assets/players/basket/x_basqueti02100001.webp
Moussa Contreras,fict,0,PG,73,73,28,Magayanes,1.94,0,76,74,77,80,67,60,62,71,70,38,32,85,77,49,82,assets/players/basket/x_basqueti02200001.webp
Omar Elizondo,fict,-1,SF,55,55,29,Magayanes,2.12,0,57,49,51,53,63,57,51,57,61,51,39,53,55,55,57,assets/players/basket/x_basqueti02300001.webp
Callum Rizzo,fict,-1,SG,65,75,21,Melonia,1.91,0,69,67,66,65,66,66,71,64,60,43,32,58,67,55,70,assets/players/basket/x_basqueti02400001.webp
Malik Bekolo,fict,-1,SF,58,62,27,Riada,2.11,0,56,59,59,61,59,64,53,56,67,49,53,58,58,54,59,assets/players/basket/x_basqueti02500001.webp
Malik Villarreal,fict,-1,SF,71,71,32,Costas Unidas,2.05,0,72,74,65,65,65,74,70,76,80,65,61,71,70,72,79,assets/players/basket/x_basqueti02600001.webp
Khabib Aguirre,fict,-1,SF,58,58,33,Valurria,2.03,0,56,57,55,56,62,59,55,60,70,53,44,55,58,53,62,assets/players/basket/x_basqueti02700001.webp
Kenji Park,fict,-1,PG,68,68,33,Tamago,1.93,0,75,71,68,73,59,65,66,61,59,33,33,76,74,40,68,assets/players/basket/x_basqueti02800001.webp
Diego Moura,fict,-1,SG,62,62,28,Tamago,1.97,0,60,62,63,53,62,63,74,57,65,35,34,60,64,49,69,assets/players/basket/x_basqueti02900001.webp
Sergio Etxeberria,fict,-1,C,67,83,19,Grammes,2.24,0,57,45,45,53,52,68,32,69,50,79,78,56,60,83,68,assets/players/basket/x_basqueti03000001.webp
Marcos Mori,fict,-1,PG,69,69,28,Tamago,1.93,0,70,65,74,78,63,65,65,60,60,34,32,79,69,49,76,assets/players/basket/x_basqueti03100001.webp
Marko Ćorić,fict,-1,SG,64,64,28,Zenet,2.03,0,64,67,60,59,72,64,69,64,56,37,34,62,67,47,70,assets/players/basket/x_basqueti03200001.webp
Karim Yondo,fict,-1,SF,61,67,22,Riada,2.04,0,62,55,63,62,63,63,58,62,63,49,47,59,64,58,70,assets/players/basket/x_basqueti03300001.webp
Ibrahim Pretorius,fict,-1,SG,65,65,33,Skote,1.97,0,64,64,68,58,70,66,70,60,64,38,36,64,64,50,72,assets/players/basket/x_basqueti03400001.webp
Ibrahim Quiroz,fict,-1,SF,66,66,30,Magayanes,2.07,0,67,62,63,65,63,75,65,65,64,59,57,72,67,70,63,assets/players/basket/x_basqueti03500001.webp
Samuel Chaoui,fict,-1,SF,48,59,20,Sahar,2.02,0,43,39,43,48,54,55,42,47,50,45,43,41,53,48,56,assets/players/basket/x_basqueti03600001.webp
Jalen Djoumessi,fict,-1,PF,61,64,27,Riada,2.1,0,54,51,44,58,58,68,50,71,57,65,68,50,57,66,61,assets/players/basket/x_basqueti03700001.webp
Hiro Assis,fict,-1,C,59,59,33,Tamago,2.15,0,47,43,37,45,47,69,32,66,40,66,71,49,52,70,55,assets/players/basket/x_basqueti03800001.webp
Thiago Olivera,fict,-1,C,70,70,29,Sotoa,2.19,0,55,51,50,51,57,71,39,79,53,75,82,56,64,85,64,assets/players/basket/x_basqueti03900001.webp
Lucas Torres,fict,-1,SF,58,58,28,Sotoa,2.01,0,55,56,52,60,62,59,59,59,66,47,44,59,60,59,64,assets/players/basket/x_basqueti04000001.webp
Tariq Fassi,fict,1,SF,84,87,23,Sahar,2.08,0,86,73,80,83,80,88,83,84,94,77,78,81,87,84,84,assets/players/basket/x_basqueti04100001.webp
Thiago Azevedo,fict,-1,PG,63,66,22,Tamago,1.88,0,66,66,60,66,59,54,58,64,58,34,32,73,70,41,69,assets/players/basket/x_basqueti04200001.webp
Nikola Petrov,fict,10,PG,72,73,25,Zenet,1.91,0,76,75,74,78,63,69,61,69,63,36,37,82,77,52,72,assets/players/basket/x_basqueti04300001.webp
Matías Neves,fict,-1,PG,59,59,29,Tamago,1.9,0,55,63,69,57,59,57,51,55,51,32,32,71,57,32,63,assets/players/basket/x_basqueti04400001.webp
Hassan Ekambi,fict,-1,SG,53,54,26,Riada,1.96,0,59,60,51,49,54,52,60,56,54,32,32,48,46,36,57,assets/players/basket/x_basqueti04500001.webp
Gustavo Casares,fict,-1,PF,63,63,32,Valurria,2.12,0,59,54,53,59,59,65,58,64,51,67,68,55,60,77,71,assets/players/basket/x_basqueti04600001.webp
Cody Campos,fict,-1,SG,68,76,24,Grammes,1.96,0,69,74,66,63,76,74,73,63,68,45,32,63,68,55,73,assets/players/basket/x_basqueti04700001.webp
Hugo Campbell,fict,-1,SF,60,60,33,Zenet,2.04,0,60,56,58,63,59,60,62,70,67,43,38,61,62,59,66,assets/players/basket/x_basqueti04800001.webp
Nikola Jovanovic,fict,-1,PG,62,62,31,Zenet,1.88,0,62,62,69,66,60,54,60,53,58,32,32,64,67,43,71,assets/players/basket/x_basqueti04900001.webp
Marcos Duarte,fict,-1,PF,71,71,25,Tamago,2.08,0,62,66,57,60,63,73,66,77,65,78,76,66,70,85,72,assets/players/basket/x_basqueti05000001.webp
Bruno Camargo,fict,-1,PF,65,65,29,Tamago,2.08,0,49,55,55,56,64,67,54,69,62,68,70,51,69,79,68,assets/players/basket/x_basqueti05100001.webp
Marko Matić,fict,-1,C,64,71,22,Zenet,2.15,0,52,40,40,42,56,69,32,72,55,70,75,45,57,72,66,assets/players/basket/x_basqueti05200001.webp
Malik Eboué,fict,-1,PG,56,56,30,Riada,1.97,0,58,60,60,61,48,53,49,49,43,32,32,61,62,36,62,assets/players/basket/x_basqueti05300001.webp
Marcos Chocano,fict,-1,PG,57,57,29,Sotoa,1.85,0,57,59,64,61,49,52,58,44,53,32,32,60,63,33,63,assets/players/basket/x_basqueti05400001.webp
Matías Dantas,fict,-1,PG,66,79,20,Tamago,1.94,0,64,67,79,70,63,58,62,57,59,32,32,71,68,48,68,assets/players/basket/x_basqueti05500001.webp
Youssef Mthembu,fict,-1,SG,56,56,31,Skote,2,0,58,60,52,52,65,60,57,58,52,32,32,51,58,45,62,assets/players/basket/x_basqueti05600001.webp
Amadou Berrada,fict,-1,SF,63,71,21,Sahar,2.04,0,62,63,60,60,60,55,64,66,71,54,54,61,66,60,77,assets/players/basket/x_basqueti05700001.webp
Isaiah Bikoro,fict,-1,PF,64,68,25,Riada,2.16,0,56,57,49,54,59,64,45,72,56,69,71,55,69,75,64,assets/players/basket/x_basqueti05800001.webp
Lucas Lezcano,fict,-1,PF,59,59,31,Valurria,2.09,0,54,50,42,52,58,62,52,67,51,70,65,51,58,62,64,assets/players/basket/x_basqueti05900001.webp
Sami Biyik,fict,-1,SF,66,66,28,Riada,2.1,0,68,67,61,68,66,66,61,67,73,61,56,56,63,67,76,assets/players/basket/x_basqueti06000001.webp
Emiliano Antezana,fict,-1,SF,68,68,29,Magayanes,2.04,0,67,61,63,62,64,75,64,71,70,64,67,66,71,82,74,assets/players/basket/x_basqueti06100001.webp
Karim Mekongo,fict,-1,C,48,64,20,Riada,2.2,0,32,34,32,32,37,52,32,52,32,56,62,32,44,53,47,assets/players/basket/x_basqueti06200001.webp
Tua Mokoena,fict,11,PF,71,75,26,Skote,2.09,0,65,60,54,59,68,78,59,75,66,74,82,61,67,79,73,assets/players/basket/x_basqueti06300001.webp
Emeka Hadad,fict,-1,SG,69,69,29,Netanya,2,0,79,64,63,67,75,72,70,68,67,41,38,72,65,55,78,assets/players/basket/x_basqueti06400001.webp
Caio Bastos,fict,-1,PF,63,63,29,Tamago,2.08,0,59,54,53,54,60,66,51,67,59,68,68,50,65,73,67,assets/players/basket/x_basqueti06500001.webp
Gonzalo Cavalcanti,fict,-1,C,70,70,33,Tamago,2.13,0,61,53,41,55,57,74,34,73,55,82,76,58,71,80,68,assets/players/basket/x_basqueti06600001.webp
Gonzalo Mastrángelo,fict,-1,SF,52,61,20,Sotoa,2.02,0,55,49,40,43,51,59,57,56,61,40,38,60,48,44,60,assets/players/basket/x_basqueti06700001.webp
Marco Perić,fict,-1,SF,59,67,23,Zenet,2.04,0,53,53,58,55,54,56,58,65,68,54,53,63,61,65,64,assets/players/basket/x_basqueti06800001.webp
Ignacio Cardona,fict,-1,SG,67,72,24,Magayanes,2.04,0,69,67,70,64,73,70,80,60,62,33,38,60,61,51,73,assets/players/basket/x_basqueti06900001.webp
Karim Mansouri,fict,-1,PF,62,72,20,Sahar,2.17,0,49,59,45,58,61,67,51,63,59,72,64,52,54,77,58,assets/players/basket/x_basqueti07000001.webp
Joaquín Hasegawa,fict,11,SF,73,73,33,Tamago,2.08,0,74,66,70,71,73,73,70,76,79,66,68,75,69,71,81,assets/players/basket/x_basqueti07100001.webp
Tyrese Urrutia,fict,-1,PF,55,55,32,Grammes,2.13,0,49,43,41,51,49,63,49,59,53,57,59,45,51,69,55,assets/players/basket/x_basqueti07200001.webp
Luca Colin,fict,-1,PG,65,65,28,Iberia,1.89,0,67,62,71,68,62,64,58,59,55,32,32,72,71,43,77,assets/players/basket/x_basqueti07300001.webp
Mason Gallego,fict,-1,SF,64,79,21,Grammes,2.06,0,67,65,62,59,62,66,63,68,64,52,54,64,64,66,69,assets/players/basket/x_basqueti07400001.webp
Jack Marín,fict,-1,SF,70,70,33,Grammes,2.09,0,66,66,75,67,70,78,67,78,73,62,59,72,66,65,77,assets/players/basket/x_basqueti07500001.webp
Amadou Tal,fict,5,PG,84,84,29,Netanya,1.91,0,91,82,85,89,81,86,77,77,77,53,52,90,86,58,93,assets/players/basket/x_basqueti07600001.webp
Samuel Mbida,fict,0,PG,73,77,24,Riada,1.91,0,77,79,80,76,71,64,68,65,63,37,36,78,78,49,86,assets/players/basket/x_basqueti07700001.webp
Karim Shapiro,fict,-1,PF,61,61,30,Netanya,2.12,0,56,52,50,53,49,59,53,66,57,72,67,56,55,70,62,assets/players/basket/x_basqueti07800001.webp
Diego Caballero,fict,-1,PG,51,60,20,Magayanes,1.95,0,51,58,57,55,43,42,45,44,42,32,32,61,57,32,52,assets/players/basket/x_basqueti07900001.webp
Omar Barrios,fict,-1,SG,66,66,28,Magayanes,1.98,0,65,61,63,63,73,66,76,69,65,32,38,55,66,57,75,assets/players/basket/x_basqueti08000001.webp
Caio Magalhães,fict,2,SF,75,79,22,Tamago,2.02,0,78,82,74,68,76,74,76,74,84,64,68,70,72,78,78,assets/players/basket/x_basqueti08100001.webp
Matías Endo,fict,-1,PF,65,65,32,Tamago,2.16,0,64,62,56,61,61,74,50,68,57,68,72,61,62,67,71,assets/players/basket/x_basqueti08200001.webp
Santiago Enríquez,fict,-1,SG,53,54,27,Costas Unidas,2.01,0,52,57,53,46,56,59,56,47,49,32,32,51,61,42,59,assets/players/basket/x_basqueti08300001.webp
Finn Olmos,fict,-1,SF,64,67,23,Grammes,2.03,0,70,54,61,66,65,62,64,66,67,57,50,61,69,72,67,assets/players/basket/x_basqueti08400001.webp
Devin Cerqueira,fict,-1,SF,70,70,28,Grammes,2.08,0,67,66,61,66,72,70,72,78,71,57,64,75,73,69,77,assets/players/basket/x_basqueti08500001.webp
Wilmer Furtado,fict,-1,PF,57,57,32,Tamago,2.13,0,50,51,51,56,52,60,45,66,53,62,58,53,50,64,58,assets/players/basket/x_basqueti08600001.webp
Tua Manzur,fict,-1,SF,61,66,24,Peronia,2.04,0,63,63,55,56,55,66,63,64,62,52,53,60,64,61,63,assets/players/basket/x_basqueti08700001.webp
Ibrahim Tchakounté,fict,-1,PF,69,69,31,Riada,2.04,0,59,59,58,62,61,75,62,81,66,74,73,57,67,74,72,assets/players/basket/x_basqueti08800001.webp
Tariq Navon,fict,-1,SF,66,70,27,Netanya,2.04,0,68,60,60,67,65,69,68,68,71,61,55,60,63,74,75,assets/players/basket/x_basqueti08900001.webp
Vinícius Cañete,fict,-1,SG,48,63,20,Valurria,2.02,0,48,51,44,38,54,52,52,51,47,32,32,47,50,32,53,assets/players/basket/x_basqueti09000001.webp
Tomás Roux,fict,-1,SG,56,61,22,Iberia,1.91,0,51,54,53,47,61,64,63,55,55,32,32,51,53,48,59,assets/players/basket/x_basqueti09100001.webp
Jan Rey,fict,-1,SG,67,74,23,Iberia,2.05,0,70,70,68,61,76,70,69,61,62,39,35,62,67,57,77,assets/players/basket/x_basqueti09200001.webp
Lucas Barbosa,fict,-1,SG,65,69,27,Sotoa,1.96,0,65,66,58,61,75,73,72,65,59,40,38,60,64,54,70,assets/players/basket/x_basqueti09300001.webp
Yeison Leite,fict,-1,SF,61,71,20,Tamago,2.09,0,62,54,57,66,58,69,57,63,71,55,49,57,61,60,66,assets/players/basket/x_basqueti09400001.webp
Luka Kowalski,fict,-1,PG,60,60,28,Estovackia,1.9,0,55,55,63,67,55,57,55,53,57,32,32,63,67,33,69,assets/players/basket/x_basqueti09500001.webp
Kyle Escribano,fict,-1,SG,70,70,26,Grammes,1.97,0,73,70,74,59,79,70,74,67,70,41,44,65,62,54,77,assets/players/basket/x_basqueti09600001.webp
Andrés Figueroa,fict,-1,SG,62,63,25,Sotoa,2,0,59,69,63,59,65,65,70,54,66,33,36,55,55,48,69,assets/players/basket/x_basqueti09700001.webp
Amadou Mbarga,fict,2,PF,77,77,29,Riada,2.09,0,67,72,62,72,74,81,62,79,71,86,85,73,69,92,83,assets/players/basket/x_basqueti09800001.webp
Karim Nkembe,fict,-1,PG,64,66,27,Riada,1.9,0,75,67,63,72,61,55,62,54,56,32,32,70,64,46,68,assets/players/basket/x_basqueti09900001.webp
Tariq Hlongwane,fict,6,PF,74,82,21,Skote,2.11,0,70,65,61,67,66,81,62,76,74,79,78,71,72,86,74,assets/players/basket/x_basquett100000001.webp
Kofi Rosen,fict,-1,C,61,67,19,Netanya,2.17,0,42,45,38,40,52,67,32,65,46,67,73,50,48,75,59,assets/players/basket/x_basquett100100001.webp
Tariq Dueñas,fict,-1,SG,68,77,22,Magayanes,1.96,0,74,71,68,68,67,74,76,68,65,42,42,57,68,53,71,assets/players/basket/x_basquett100200001.webp
Caio Nishimura,fict,-1,SF,61,61,31,Tamago,2.02,0,66,53,64,59,64,60,59,67,68,50,49,62,62,56,65,assets/players/basket/x_basquett100300001.webp