Nombre,Tipo,Lista,Division,Estilo,Media,Potencial,Edad,Nacion,accuracy,defense,power,speed,wrestling,grappling,cardio,initiative,intelligence,chin,Foto
Agustín Essomba,fict,inicial,feather,grappler,63,72,23,RIA,53,65,55,71,62,73,68,69,54,59,assets/players/mma/x_mmaf03800001.webp
Rei Tsuruya,real,inicial,fly,counter,80,84,24,TAM,83,81,65,82,83,89,80,86,74,77,assets/players/mma/r_reitsuruya.webp
Enzo Ruiz,fict,inicial,fly,grappler,79,80,34,ZEN,67,79,72,87,80,90,76,79,76,85,assets/players/mma/x_mmaf07900001.webp
Alex Perez,real,inicial,fly,wrestler,79,79,34,PER,76,70,68,79,83,85,75,85,85,85,assets/players/mma/r_alexperez.webp
Tagir Ulanbekov,real,inicial,fly,grappler,76,76,34,BAI,76,78,61,83,76,90,79,72,75,70,assets/players/mma/r_tagirulanbekov.webp
Ramazan Temirov,real,inicial,fly,grappler,73,74,29,KOS,70,69,72,83,80,74,69,75,70,69,assets/players/mma/r_ramazantemirov.webp
Julián Pires,fict,inicial,light,pressure,61,71,21,TAM,57,56,72,59,62,56,69,65,60,54,assets/players/mma/x_mmaf07700001.webp
Khabib Dosmukhamedov,fict,inicial,fly,pressure,73,76,36,KOS,71,72,67,76,66,71,80,80,73,75,assets/players/mma/x_mmaf04100001.webp
Ben Nguyen,real,inicial,fly,pressure,73,73,36,KAI,75,77,77,71,69,70,68,77,76,71,assets/players/mma/r_bennguyen.webp
Stewart Nicoll,real,inicial,fly,pressure,69,69,31,KAI,73,59,69,68,70,66,80,61,73,72,assets/players/mma/r_stewartnicoll.webp
Alden Coria,real,inicial,fly,counter,68,69,27,MAG,66,77,60,74,73,63,70,64,71,62,assets/players/mma/r_aldencoria.webp
Cody Durden,real,inicial,fly,wrestler,67,67,32,OVM,67,58,60,63,75,69,71,64,75,68,assets/players/mma/r_codydurden.webp
Ode Osbourne,real,inicial,fly,grappler,67,67,33,KAI,61,66,57,73,70,76,65,66,71,66,assets/players/mma/r_odeosbourne.webp
Jeff Molina,real,inicial,fly,grappler,67,68,28,SOT,69,61,52,70,65,77,76,63,71,66,assets/players/mma/r_jeffmolina.webp
Bibulatov Magomed,real,inicial,fly,counter,66,66,36,IBE,64,77,59,73,67,65,57,66,66,65,assets/players/mma/r_bibulatovmagomed.webp
Khabib Bekov,fict,inicial,fly,pressure,65,69,28,KOS,61,65,72,65,66,60,69,65,59,67,assets/players/mma/x_mmaf03700001.webp
Payton Talbott,real,inicial,bantam,grappler,83,84,27,MEL,84,80,80,79,86,93,84,77,87,79,assets/players/mma/r_paytontalbott.webp
Kai Asakura,real,inicial,bantam,pressure,82,82,32,TAM,83,86,92,78,80,85,87,68,80,80,assets/players/mma/r_kaiasakura.webp
Said Nurmagomedov,real,inicial,bantam,counter,82,82,33,KOS,86,86,71,87,78,79,87,85,80,81,assets/players/mma/r_saidnurmagomedov.webp
Rob Font,real,inicial,bantam,pressure,81,81,38,KAI,83,78,89,87,78,75,79,87,78,76,assets/players/mma/r_robfont.webp
Cody Garbrandt,real,inicial,bantam,pressure,81,81,34,KAI,83,78,74,79,90,78,92,76,80,81,assets/players/mma/r_codygarbrandt.webp
Kyler Phillips,real,inicial,bantam,grappler,80,80,30,IBE,84,79,77,78,72,95,87,79,72,77,assets/players/mma/r_kylerphillips.webp
Zviad Lazishvili,real,inicial,bantam,grappler,78,78,33,KAI,79,78,75,78,85,86,70,77,84,68,assets/players/mma/r_zviadlazishvili.webp
Cristian Quinonez,real,inicial,bantam,pressure,78,79,27,MAG,76,76,77,83,73,77,91,78,74,76,assets/players/mma/r_cristianquinonez.webp
Charles Jourdain,real,inicial,bantam,grappler,77,77,30,BAI,78,77,62,84,76,84,75,79,81,74,assets/players/mma/r_charlesjourdain.webp
Cody Gibson,real,inicial,bantam,wrestler,76,76,38,MEL,79,79,75,71,89,76,74,72,76,69,assets/players/mma/r_codygibson.webp
Allan Zuniga,real,inicial,bantam,counter,73,73,32,PER,72,75,68,74,75,72,79,79,67,69,assets/players/mma/r_allanzuniga.webp
Jamal Ellison,fict,inicial,bantam,pressure,73,78,31,KAI,73,77,79,77,74,65,76,72,64,75,assets/players/mma/x_mmaf01500001.webp
Santiago Luna,real,inicial,bantam,grappler,71,75,21,SOT,68,63,67,71,78,81,75,68,70,70,assets/players/mma/r_santiagoluna.webp
Emiliano Domínguez,fict,inicial,bantam,counter,70,75,30,TAM,74,74,65,67,72,72,76,68,64,68,assets/players/mma/x_mmaf00900001.webp
Movsar Evloev,real,inicial,feather,wrestler,88,88,32,BAI,83,84,85,81,96,92,91,91,86,91,assets/players/mma/r_movsarevloev.webp
Yair Rodriguez,real,inicial,feather,counter,86,86,33,SOT,88,93,86,87,88,88,82,80,86,81,assets/players/mma/r_yairrodriguez.webp
Finn Schneider,fict,inicial,feather,grappler,82,87,29,MEL,85,85,65,75,87,92,81,81,81,88,assets/players/mma/x_mmaf02300001.webp
Josh Emmett,real,inicial,feather,counter,80,80,40,OVM,88,88,78,76,83,77,71,81,74,83,assets/players/mma/r_joshemmett.webp
Miles Johns,real,inicial,feather,wrestler,79,79,32,IBE,83,75,72,73,90,83,83,79,77,75,assets/players/mma/r_milesjohns.webp
Joosang Yoo,real,inicial,feather,wrestler,79,79,31,TAM,79,76,79,76,90,82,75,82,76,75,assets/players/mma/r_joosangyoo.webp
Ryan Hall,real,inicial,feather,grappler,77,77,38,IBE,70,82,73,73,79,92,74,82,77,69,assets/players/mma/r_ryanhall.webp
Dan Ige,real,inicial,feather,pressure,77,77,34,IBE,77,65,90,84,70,73,82,77,72,80,assets/players/mma/r_danige.webp
Bautista Acosta,fict,inicial,feather,pressure,77,83,27,TAM,86,77,88,79,68,68,78,73,75,77,assets/players/mma/x_mmaf03300001.webp
Shane Collins,real,inicial,feather,counter,77,78,26,KAI,79,79,76,83,75,82,70,70,76,80,assets/players/mma/r_shanecollins.webp
Yadier Del Valle,real,inicial,feather,grappler,77,78,29,MRG,74,78,74,76,81,77,80,79,78,74,assets/players/mma/r_yadierdelvalle.webp
Chad Mendes,real,inicial,feather,wrestler,77,77,41,OVM,78,86,76,67,85,82,73,77,71,74,assets/players/mma/r_chadmendes.webp
Malcolm Wellmaker,real,inicial,feather,counter,75,75,31,KAI,72,87,68,75,74,71,74,78,80,71,assets/players/mma/r_malcolmwellmaker.webp
Tariq Etame,fict,inicial,feather,pressure,75,82,24,RIA,69,74,82,79,74,71,78,81,68,74,assets/players/mma/x_mmaf06400001.webp
Paddy Pimblett,real,inicial,light,pressure,84,84,31,IBE,79,82,91,81,85,85,88,78,85,85,assets/players/mma/r_paddypimblett.webp
Mauricio Ruffy,real,inicial,light,wrestler,84,85,29,TAM,74,84,84,81,93,80,87,88,83,88,assets/players/mma/r_mauricioruffy.webp
Chris Duncan,real,inicial,light,counter,79,79,33,MRG,88,87,74,84,76,70,74,84,74,80,assets/players/mma/r_chrisduncan.webp
Nazim Sadykhov,real,inicial,light,wrestler,79,79,32,BAI,76,79,76,72,88,81,78,83,78,78,assets/players/mma/r_nazimsadykhov.webp
Terrance Mckinney,real,inicial,light,wrestler,79,79,31,MAG,68,88,75,76,81,81,83,85,85,69,assets/players/mma/r_terrancemckinney.webp
Chase Hooper,real,inicial,light,grappler,79,80,26,MEL,75,79,71,80,83,92,78,75,85,72,assets/players/mma/r_chasehooper.webp
Jai Herbert,real,inicial,light,counter,76,76,37,KAI,82,92,81,64,70,74,72,71,75,80,assets/players/mma/r_jaiherbert.webp
Mitch Ramirez,real,inicial,light,wrestler,76,76,33,MAG,81,70,75,63,84,72,82,74,81,77,assets/players/mma/r_mitchramirez.webp
Diego Ferreira,real,inicial,light,counter,74,74,40,TAM,83,91,69,71,71,70,64,76,74,72,assets/players/mma/r_diegoferreira.webp
Roman Bogatov,real,inicial,light,grappler,74,74,36,BAI,66,77,65,72,74,93,70,71,80,71,assets/players/mma/r_romanbogatov.webp
Zurab Cerny,fict,inicial,light,pressure,74,78,36,ESV,77,71,81,74,77,68,80,82,68,65,assets/players/mma/x_mmaf11800001.webp
Ismael Bonfim,real,inicial,light,wrestler,73,73,30,TAM,66,73,69,70,84,75,80,76,68,69,assets/players/mma/r_ismaelbonfim.webp
Mike Davis,real,inicial,light,pressure,73,73,32,OVM,71,75,73,76,68,83,72,68,73,71,assets/players/mma/r_mikedavis.webp
Mateusz Rebecki,real,inicial,light,pressure,73,73,33,ESV,75,71,76,78,74,77,78,68,70,63,assets/players/mma/r_mateuszrebecki.webp
Ignacio Bahamondes,real,inicial,welter,pressure,80,81,28,MAG,81,81,92,74,73,77,90,83,81,67,assets/players/mma/r_ignaciobahamondes.webp
Geoff Neal,real,inicial,welter,grappler,80,80,35,MRG,75,81,81,81,74,86,78,76,88,80,assets/players/mma/r_geoffneal.webp
Stephen Thompson,real,inicial,welter,counter,79,79,42,IBE,83,91,79,61,95,79,80,76,75,71,assets/players/mma/r_stephenthompson.webp
Santiago Ponzinibbio,real,inicial,welter,counter,78,78,38,VAL,83,84,73,80,82,88,67,75,79,70,assets/players/mma/r_santiagoponzinibbio.webp
Isaiah Mosquera,fict,inicial,welter,pressure,76,79,30,SOT,71,71,80,75,77,78,75,80,79,76,assets/players/mma/x_mmaf08100001.webp
Charles Radtke,real,inicial,welter,counter,75,75,36,KAI,81,82,65,69,75,76,70,76,77,79,assets/players/mma/r_charlesradtke.webp
Muslim Salikhov,real,inicial,welter,counter,75,75,41,KOS,76,85,78,67,77,73,69,80,73,74,assets/players/mma/r_muslimsalikhov.webp
Jeremiah Wells,real,inicial,welter,counter,75,75,39,KAI,73,83,72,71,77,78,73,80,74,68,assets/players/mma/r_jeremiahwells.webp
Niklas Stolze,real,inicial,welter,grappler,75,75,33,MEL,73,76,76,74,76,83,78,74,69,73,assets/players/mma/r_niklasstolze.webp
Nikolay Veretennikov,real,inicial,welter,counter,74,74,35,BAI,79,80,72,76,67,75,71,73,71,77,assets/players/mma/r_nikolayveretennikov.webp
Max Griffin,real,inicial,welter,pressure,74,74,39,BAI,67,70,85,73,66,79,78,72,80,70,assets/players/mma/r_maxgriffin.webp
Wellington Turman,real,inicial,welter,grappler,74,75,27,TAM,79,75,68,71,73,81,72,73,74,74,assets/players/mma/r_wellingtonturman.webp
Gabriel Bonfim,real,inicial,welter,wrestler,73,74,29,TAM,75,73,72,68,84,77,72,62,77,70,assets/players/mma/r_gabrielbonfim.webp
Ding Meng,real,inicial,welter,grappler,73,73,31,TAM,76,69,66,72,70,84,73,79,66,76,assets/players/mma/r_dingmeng.webp
Baisangur Susurkaev,real,inicial,middle,wrestler,82,86,24,BAI,76,82,83,80,94,84,81,81,76,82,assets/players/mma/r_baisangursusurkaev.webp
Vicente Luque,real,inicial,middle,pressure,82,82,34,TAM,82,77,94,81,77,83,80,80,80,84,assets/players/mma/r_vicenteluque.webp
Ismail Naurdiev,real,inicial,middle,counter,78,79,29,BAI,78,92,73,70,81,72,70,83,80,81,assets/players/mma/r_ismailnaurdiev.webp
Rodolfo Vieira,real,inicial,middle,grappler,78,78,36,TAM,80,87,76,70,74,81,76,81,76,79,assets/players/mma/r_rodolfovieira.webp
Michal Oleksiejczuk,real,inicial,middle,pressure,76,76,30,ESV,71,71,92,73,73,72,75,81,78,74,assets/players/mma/r_michaloleksiejczuk.webp
Andrey Pulyaev,real,inicial,middle,pressure,74,75,28,BAI,72,71,86,71,78,67,81,71,71,73,assets/players/mma/r_andreypulyaev.webp
Julien Leblanc,real,inicial,middle,counter,74,74,34,KAI,73,75,71,75,75,70,73,75,71,81,assets/players/mma/r_julienleblanc.webp
Matt Bessette,real,inicial,middle,pressure,73,73,33,KAI,78,69,83,70,68,69,80,71,67,75,assets/players/mma/r_mattbessette.webp
Marc Andre Barriault,real,inicial,middle,wrestler,73,73,35,MEL,70,72,78,73,89,75,69,67,68,68,assets/players/mma/r_marcandrebarriault.webp
Ozzy Diaz,real,inicial,middle,pressure,72,72,35,OVM,68,81,81,67,68,68,73,74,64,76,assets/players/mma/r_ozzydiaz.webp
Cesar Almeida,real,inicial,middle,grappler,72,72,31,TAM,70,65,75,70,70,79,70,75,73,73,assets/players/mma/r_cesaralmeida.webp
Roman Kopylov,real,inicial,middle,counter,72,72,33,BAI,73,80,64,68,76,72,71,76,68,72,assets/players/mma/r_romankopylov.webp
Zachary Reese,real,inicial,middle,counter,70,70,32,MRG,71,82,67,67,67,69,67,66,67,76,assets/players/mma/r_zacharyreese.webp
Khabib Osipov,fict,inicial,middle,wrestler,69,75,25,BAI,74,71,64,65,79,75,66,68,65,64,assets/players/mma/x_mmaf05400001.webp
Jiri Prochazka,real,inicial,lightheavy,pressure,90,90,33,ESV,92,86,96,85,91,87,85,89,83,96,assets/players/mma/r_jiriprochazka.webp
Nikita Krylov,real,inicial,lightheavy,pressure,84,84,34,ESV,84,79,96,76,85,91,82,80,76,84,assets/players/mma/r_nikitakrylov.webp
Azamat Murzakanov,real,inicial,lightheavy,counter,83,83,37,KOS,88,91,79,69,80,78,80,95,82,87,assets/players/mma/r_azamatmurzakanov.webp
Uran Satybaldiev,real,inicial,lightheavy,pressure,77,77,31,KOS,73,77,86,67,76,85,75,83,74,74,assets/players/mma/r_uransatybaldiev.webp
Dustin Jacoby,real,inicial,lightheavy,counter,77,77,38,IBE,80,86,80,68,80,84,71,72,73,76,assets/players/mma/r_dustinjacoby.webp
Junior Tafa,real,inicial,lightheavy,grappler,76,77,29,MRG,65,77,76,69,76,92,73,74,79,78,assets/players/mma/r_juniortafa.webp
Bruno Lopes,real,inicial,lightheavy,wrestler,76,76,32,TAM,79,75,83,67,83,79,69,70,78,77,assets/players/mma/r_brunolopes.webp
Julius Walker,real,inicial,lightheavy,wrestler,75,76,26,MRG,77,72,77,58,83,83,68,74,76,80,assets/players/mma/r_juliuswalker.webp
Stefan Iskakov,fict,inicial,lightheavy,pressure,73,74,30,KOS,65,69,93,62,68,71,72,75,77,76,assets/players/mma/x_mmaf11000001.webp
Marcin Prachnio,real,inicial,lightheavy,pressure,72,72,37,ESV,72,70,89,57,76,72,65,82,69,67,assets/players/mma/r_marcinprachnio.webp
Matías Torres,fict,inicial,lightheavy,counter,70,77,21,CUN,68,76,76,58,74,68,68,71,68,72,assets/players/mma/x_mmaf01400001.webp
Rafael Cerqueira,real,inicial,lightheavy,counter,70,70,35,TAM,71,76,68,67,71,68,63,71,77,69,assets/players/mma/r_rafaelcerqueira.webp
Mauricio Rua,real,inicial,lightheavy,pressure,70,70,44,TAM,71,68,88,58,74,64,69,73,68,67,assets/players/mma/r_mauriciorua.webp
Diyar Nurgozhay,real,inicial,lightheavy,grappler,69,70,28,KOS,64,57,69,65,76,84,63,69,66,76,assets/players/mma/r_diyarnurgozhay.webp
Aleksandar Rakic,real,inicial,heavy,pressure,84,84,34,MEL,83,79,96,67,76,88,84,89,86,89,assets/players/mma/r_aleksandarrakic.webp
Tai Tuivasa,real,inicial,heavy,pressure,82,82,32,IBE,79,83,95,76,74,88,77,79,84,85,assets/players/mma/r_taituivasa.webp
Jhonata Diniz,real,inicial,heavy,grappler,80,80,34,TAM,80,76,89,74,76,88,87,82,74,74,assets/players/mma/r_jhonatadiniz.webp
Ryan Spann,real,inicial,heavy,pressure,80,80,34,MEL,81,80,87,71,82,83,75,76,88,76,assets/players/mma/r_ryanspann.webp
Gable Steveson,real,inicial,heavy,wrestler,80,81,26,IBE,76,82,93,71,93,78,70,77,81,79,assets/players/mma/r_gablesteveson.webp
Guilherme Pat,real,inicial,heavy,counter,75,75,31,TAM,83,82,82,68,69,79,61,71,77,79,assets/players/mma/r_guilhermepat.webp
Alvin Hines,real,inicial,heavy,counter,74,74,34,KAI,78,86,78,63,74,72,72,68,71,76,assets/players/mma/r_alvinhines.webp
Gustavo Coelho,fict,inicial,heavy,pressure,73,89,24,TAM,65,65,89,63,74,71,71,69,84,78,assets/players/mma/x_mmaf03600001.webp
Tyrell Fortune,real,inicial,heavy,pressure,72,72,35,IBE,63,72,84,67,69,75,74,66,73,77,assets/players/mma/r_tyrellfortune.webp
Mario Pinto,real,inicial,heavy,counter,70,71,28,TAM,73,68,73,64,62,72,63,68,77,81,assets/players/mma/r_mariopinto.webp
Jovan Leka,real,inicial,heavy,pressure,67,71,24,ESV,63,60,85,52,67,78,64,62,68,71,assets/players/mma/r_jovanleka.webp
Marko Kuznetsov,fict,inicial,heavy,counter,67,68,27,BAI,74,76,69,58,68,69,51,68,62,74,assets/players/mma/x_mmaf10200001.webp
Lautaro Mbarga,fict,inicial,heavy,pressure,66,79,24,RIA,67,60,81,58,67,67,62,61,74,65,assets/players/mma/x_mmaf10400001.webp
Pieter Fjeld,fict,inicial,heavy,grappler,66,68,29,OVM,55,63,72,61,71,76,57,65,64,75,assets/players/mma/x_mmaf06900001.webp
Rohan Toledo,fict,reserva,fly,counter,58,61,30,TAM,56,65,49,67,54,49,63,60,65,53,assets/players/mma/x_mmaf09200001.webp
Hugo Ortega,fict,reserva,fly,grappler,49,62,20,KAI,47,54,46,54,57,60,47,42,45,39,assets/players/mma/x_mmaf01300001.webp
Khabib Tsereteli,fict,reserva,fly,counter,48,64,20,BAI,46,46,43,58,45,52,56,40,51,43,assets/players/mma/x_mmaf07100001.webp
Montel Jackson,real,reserva,bantam,counter,70,70,34,KAI,69,75,64,70,69,73,72,67,73,69,assets/players/mma/r_monteljackson.webp
Jean Matsumoto,real,reserva,bantam,grappler,70,74,25,TAM,79,72,71,64,70,81,68,63,61,71,assets/players/mma/r_jeanmatsumoto.webp
Bekzat Almakhan,real,reserva,bantam,counter,70,71,28,KOS,71,75,65,73,65,77,71,71,67,64,assets/players/mma/r_bekzatalmakhan.webp
Johnny Munoz,real,reserva,bantam,wrestler,69,69,31,MAG,69,69,59,71,79,63,68,65,68,79,assets/players/mma/r_johnnymunoz.webp
Marko Kowalski,fict,reserva,bantam,grappler,69,71,27,ESV,70,66,65,65,72,80,70,62,74,66,assets/players/mma/x_mmaf01800001.webp
Cristian Perez,real,reserva,bantam,counter,69,70,27,SOT,70,73,61,77,71,69,73,69,63,64,assets/players/mma/r_cristianperez.webp
Luis Gurule,real,reserva,bantam,pressure,68,68,32,VAL,64,68,68,70,65,70,73,64,67,71,assets/players/mma/r_luisgurule.webp
Tomasz Georgiou,fict,reserva,bantam,counter,67,68,32,BAI,76,79,60,71,72,65,66,55,63,63,assets/players/mma/x_mmaf02800001.webp
Adrian Yanez,real,reserva,bantam,wrestler,67,67,32,MRG,65,64,70,67,75,70,71,66,58,64,assets/players/mma/r_adrianyanez.webp
Iván Farias,fict,reserva,bantam,pressure,65,66,25,TAM,62,59,70,69,64,62,75,65,68,56,assets/players/mma/x_mmaf00600001.webp
Brandon Marín,fict,reserva,bantam,pressure,62,63,30,GRA,65,55,67,55,68,53,71,66,58,62,assets/players/mma/x_mmaf05600001.webp
Ezequiel Magalhães,fict,reserva,bantam,counter,62,63,27,TAM,68,72,53,63,62,56,69,58,57,62,assets/players/mma/x_mmaf09900001.webp
Anh Chen,fict,reserva,bantam,pressure,60,64,35,KOS,60,52,65,61,58,72,54,62,58,57,assets/players/mma/x_mmaf00300001.webp
Jamie Siraj,real,reserva,bantam,pressure,60,60,31,KAI,61,55,63,70,63,53,60,52,60,64,assets/players/mma/r_jamiesiraj.webp
Vinícius Ayala,fict,reserva,bantam,pressure,56,60,28,MAG,52,50,61,62,57,53,57,55,61,52,assets/players/mma/x_mmaf06700001.webp
Tua Johnson,fict,reserva,bantam,pressure,53,55,27,MAG,54,58,52,54,47,45,62,49,56,52,assets/players/mma/x_mmaf11400001.webp
Rodrigo Vera,real,reserva,feather,wrestler,75,75,30,PER,79,74,77,67,80,76,75,81,74,68,assets/players/mma/r_rodrigovera.webp
Austin Springer,real,reserva,feather,counter,74,74,35,KAI,74,85,67,79,75,78,69,69,79,65,assets/players/mma/r_austinspringer.webp
Kron Gracie,real,reserva,feather,grappler,74,74,37,TAM,81,70,68,76,69,82,66,71,78,79,assets/players/mma/r_krongracie.webp
Jesus Pinedo,real,reserva,feather,pressure,73,73,33,VAL,68,65,77,77,75,68,81,70,71,77,assets/players/mma/r_jesuspinedo.webp
Steve Garcia,real,reserva,feather,grappler,72,72,33,MAG,71,68,69,71,73,91,67,74,69,67,assets/players/mma/r_stevegarcia.webp
Chepe Mariscal,real,reserva,feather,counter,72,72,33,SOT,74,84,64,72,75,74,71,71,65,70,assets/players/mma/r_chepemariscal.webp
Salahdine Parnasse,real,reserva,feather,grappler,72,73,28,KAI,66,68,72,81,66,84,72,74,69,69,assets/players/mma/r_salahdineparnasse.webp
Felipe Lima,real,reserva,feather,grappler,71,72,28,TAM,76,74,62,69,71,81,68,65,76,69,assets/players/mma/r_felipelima.webp
Austin Bashi,real,reserva,feather,grappler,71,75,24,MEL,70,66,63,70,79,83,69,76,68,67,assets/players/mma/r_austinbashi.webp
Dennis Bermudez,real,reserva,feather,wrestler,71,71,39,MRG,68,70,75,66,90,78,61,71,69,63,assets/players/mma/r_dennisbermudez.webp
Carlos Huachin,real,reserva,feather,pressure,71,71,33,MAG,67,63,70,74,79,68,70,69,71,79,assets/players/mma/r_carloshuachin.webp
Bogdan Grad,real,reserva,feather,counter,71,71,30,ESV,76,80,70,80,63,67,62,66,68,78,assets/players/mma/r_bogdangrad.webp
Trey Williams,fict,reserva,feather,counter,70,72,31,MOR,73,76,70,77,68,62,73,60,70,72,assets/players/mma/x_mmaf08900001.webp
Agustín Barrios,fict,reserva,feather,counter,68,79,21,MAG,72,73,66,66,64,76,66,69,67,61,assets/players/mma/x_mmaf09000001.webp
Brendon Marotte,real,reserva,feather,counter,67,67,38,MRG,75,77,53,63,56,64,70,72,76,64,assets/players/mma/r_brendonmarotte.webp
Gabriel Sinisterra,fict,reserva,feather,counter,66,72,36,SOT,73,83,61,63,65,65,60,66,60,64,assets/players/mma/x_mmaf10700001.webp
Wilmer Cabrera,fict,reserva,feather,counter,66,71,36,TAM,76,72,57,68,68,56,65,63,73,62,assets/players/mma/x_mmaf01100001.webp
Marcos Fernández,fict,reserva,feather,pressure,66,69,25,TAM,63,56,72,67,61,67,73,70,69,61,assets/players/mma/x_mmaf01900001.webp
Rafael Alves,real,reserva,feather,counter,65,65,32,TAM,70,75,57,67,63,67,66,57,64,65,assets/players/mma/r_rafaelalves.webp
Gustavo Sakamoto,fict,reserva,feather,counter,65,70,29,TAM,70,74,52,58,70,64,70,62,67,64,assets/players/mma/x_mmaf03000001.webp
Pablo Walsh,fict,reserva,feather,grappler,65,70,35,OVM,74,73,55,65,62,68,63,67,58,64,assets/players/mma/x_mmaf05200001.webp
Sung Bin Jo,real,reserva,feather,wrestler,65,65,30,TAM,65,67,67,65,72,59,64,62,66,62,assets/players/mma/r_sungbinjo.webp
David Onama,real,reserva,feather,pressure,64,64,30,MRG,61,60,78,68,70,65,67,52,57,61,assets/players/mma/r_davidonama.webp
Hugo Ferrari,fict,reserva,feather,pressure,64,67,30,KAI,68,57,71,62,68,61,64,62,63,65,assets/players/mma/x_mmaf02600001.webp
Callum Orlando,fict,reserva,feather,pressure,64,67,36,MEL,66,57,73,70,61,69,65,59,59,60,assets/players/mma/x_mmaf04900001.webp
Muhammad Naimov,real,reserva,feather,grappler,62,62,31,KOS,63,67,58,59,58,67,56,64,61,66,assets/players/mma/r_muhammadnaimov.webp
Maximiliano Musso,fict,reserva,feather,counter,61,65,27,CUN,61,74,52,64,59,62,56,60,64,57,assets/players/mma/x_mmaf00200001.webp
Lautaro Santos,fict,reserva,feather,counter,60,63,25,SOT,67,70,57,59,59,55,61,55,57,59,assets/players/mma/x_mmaf07300001.webp
Nicolás Freitas,fict,reserva,feather,counter,59,64,31,TAM,67,65,55,58,58,56,58,57,55,60,assets/players/mma/x_mmat200000001.webp
Pieter Bakker,fict,reserva,feather,counter,59,63,25,MRG,64,61,54,62,65,56,51,61,60,56,assets/players/mma/x_mmaf05300001.webp
Thiago Núñez,fict,reserva,feather,counter,58,63,27,TAM,54,69,54,54,63,56,55,60,56,60,assets/players/mma/x_mmaf10000001.webp
Nicolás Mendoza,fict,reserva,feather,counter,58,60,25,MAG,61,73,60,66,61,56,52,55,47,49,assets/players/mma/x_mmaf10800001.webp
Matías Benítez,fict,reserva,feather,pressure,57,58,36,TAM,61,54,61,56,53,63,60,52,55,56,assets/players/mma/x_mmaf02400001.webp
Mason Camargo,fict,reserva,feather,counter,57,62,31,TAM,56,72,48,59,53,57,56,60,49,61,assets/players/mma/x_mmaf04800001.webp
Enzo Baranov,fict,reserva,feather,counter,56,57,25,BAI,57,67,50,59,47,62,56,49,56,58,assets/players/mma/x_mmaf06300001.webp
Marcos Miranda,fict,reserva,feather,counter,54,60,31,VAL,54,57,51,55,53,47,56,55,59,52,assets/players/mma/x_mmaf08600001.webp
Declan Sutherland,fict,reserva,feather,pressure,52,60,21,KAI,54,42,50,60,57,49,57,47,55,49,assets/players/mma/x_mmaf08300001.webp
Ludovit Klein,real,reserva,light,grappler,72,72,30,ESV,73,71,68,65,82,80,72,77,69,64,assets/players/mma/r_ludovitklein.webp
Jalen Brooks,fict,reserva,light,counter,71,74,28,VAL,81,74,71,67,67,69,69,67,74,71,assets/players/mma/x_mmaf02100001.webp
Jim Miller,real,reserva,light,grappler,71,71,42,KAI,76,72,71,57,75,86,68,68,77,60,assets/players/mma/r_jimmiller.webp
Ross Pearson,real,reserva,light,grappler,71,71,41,MRG,75,73,74,66,71,82,59,71,68,71,assets/players/mma/r_rosspearson.webp
Richie Smullen,real,reserva,light,pressure,71,71,36,KAI,73,65,75,72,70,78,61,65,76,75,assets/players/mma/r_richiesmullen.webp
Yilizhati Maimaitijiang,real,reserva,light,grappler,70,70,30,TAM,72,65,67,66,78,86,62,69,64,71,assets/players/mma/r_yilizhatimaimaitijiang.webp
Austin Hubbard,real,reserva,light,pressure,70,70,33,MEL,75,73,72,73,71,68,68,62,75,63,assets/players/mma/r_austinhubbard.webp
Darrius Flowers,real,reserva,light,grappler,69,69,32,MEL,70,68,68,62,70,79,70,67,69,68,assets/players/mma/r_darriusflowers.webp
Ben Johnston,real,reserva,light,counter,67,67,35,KAI,79,71,65,58,63,74,64,71,60,65,assets/players/mma/r_benjohnston.webp
Jamal Pogues,real,reserva,light,counter,67,67,32,OVM,72,73,61,70,68,73,65,60,64,64,assets/players/mma/r_jamalpogues.webp
Bruno Giménez,fict,reserva,light,pressure,66,72,31,MAG,65,59,78,67,63,66,67,60,66,70,assets/players/mma/x_mmaf05900001.webp
Liam Rossi,fict,reserva,light,pressure,65,71,31,OVM,60,65,72,64,65,62,68,70,59,65,assets/players/mma/x_mmaf04000001.webp
Cody Molefe,fict,reserva,light,pressure,64,66,34,SKO,61,60,72,61,73,58,73,62,51,69,assets/players/mma/x_mmaf05000001.webp
Nurullo Aliev,real,reserva,light,counter,64,68,25,BAI,72,78,55,69,63,59,63,63,61,58,assets/players/mma/r_nurulloaliev.webp
Rafael Escobar,fict,reserva,light,counter,64,65,28,MAG,60,69,66,66,68,64,65,59,57,66,assets/players/mma/x_mmaf07500001.webp
Luis Pena,real,reserva,light,pressure,64,64,32,OVM,62,61,66,74,60,59,62,64,69,63,assets/players/mma/r_luispena.webp
Dan Moret,real,reserva,light,counter,63,63,35,KAI,64,74,68,61,60,60,59,67,61,57,assets/players/mma/r_danmoret.webp
Mason Macedo,fict,reserva,light,pressure,62,68,30,TAM,66,50,68,64,58,60,65,68,61,60,assets/players/mma/x_mmaf07400001.webp
Lucas Rojas,fict,reserva,light,pressure,61,64,36,TAM,63,63,68,58,63,61,62,50,57,65,assets/players/mma/x_mmaf01600001.webp
Lautaro Dantas,fict,reserva,light,grappler,53,54,28,TAM,45,53,46,51,50,73,50,58,49,56,assets/players/mma/x_mmaf02000001.webp
Callum Varga,fict,reserva,light,grappler,48,63,22,ESV,46,42,39,50,55,54,45,53,45,52,assets/players/mma/x_mmaf11900001.webp
Levan Chokheli,real,reserva,welter,counter,72,73,29,MRG,85,83,67,70,69,71,63,66,78,69,assets/players/mma/r_levanchokheli.webp
Jonathan Micallef,real,reserva,welter,grappler,71,72,26,KAI,70,66,71,70,73,84,65,74,63,74,assets/players/mma/r_jonathanmicallef.webp
Jessin Ayari,real,reserva,welter,counter,71,71,35,MRG,72,87,70,64,66,78,58,72,71,72,assets/players/mma/r_jessinayari.webp
Brayan Gómez,fict,reserva,welter,wrestler,70,78,23,TAM,73,73,66,69,81,71,66,70,72,58,assets/players/mma/x_mmaf08200001.webp
Islam Dulatov,real,reserva,welter,counter,70,71,27,BAI,65,80,67,67,67,71,65,69,74,75,assets/players/mma/r_islamdulatov.webp
Michel Batista,real,reserva,welter,counter,70,70,35,TAM,74,69,70,64,73,68,71,67,70,74,assets/players/mma/r_michelbatista.webp
Francisco Prado,real,reserva,welter,pressure,69,73,23,SOT,61,73,85,68,64,67,73,69,61,71,assets/players/mma/r_franciscoprado.webp
Oban Elliott,real,reserva,welter,pressure,69,70,28,IBE,72,70,74,74,67,70,75,60,65,62,assets/players/mma/r_obanelliott.webp
Alexander Yakovlev,real,reserva,welter,grappler,69,69,37,BAI,64,70,69,62,69,77,64,74,74,67,assets/players/mma/r_alexanderyakovlev.webp
Ibrahim Osei,fict,reserva,welter,wrestler,69,73,29,SAH,70,72,70,66,72,67,65,68,65,75,assets/players/mma/x_mmat100200001.webp
Sam Patterson,real,reserva,welter,pressure,68,69,29,IBE,69,73,83,67,66,60,68,66,67,60,assets/players/mma/r_sampatterson.webp
Chidi Njokuani,real,reserva,welter,counter,68,68,36,IBE,67,78,70,69,73,64,71,64,63,60,assets/players/mma/r_chidinjokuani.webp
Gabriel Cardoso,fict,reserva,welter,wrestler,68,70,27,TAM,63,70,72,64,74,71,68,67,63,69,assets/players/mma/x_mmaf09500001.webp
Michael Oliveira,real,reserva,welter,wrestler,68,69,28,TAM,71,72,62,74,78,60,61,66,65,71,assets/players/mma/r_michaeloliveira.webp
Juan Diaz,real,reserva,welter,pressure,68,69,27,OVM,64,69,72,72,66,69,73,65,64,66,assets/players/mma/r_juandiaz.webp
Joshua Weems,real,reserva,welter,wrestler,68,68,33,MEL,71,72,67,62,85,74,56,68,61,65,assets/players/mma/r_joshuaweems.webp
Darius Moore,fict,reserva,welter,wrestler,67,69,33,SOT,67,65,57,59,84,62,63,69,70,75,assets/players/mma/x_mmaf00400001.webp
Kyle Zamora,fict,reserva,welter,wrestler,67,68,36,CUN,71,63,65,63,70,74,71,66,62,64,assets/players/mma/x_mmaf03900001.webp
Malik Carter,fict,reserva,welter,pressure,65,71,34,KAI,62,63,69,63,57,76,68,61,69,61,assets/players/mma/x_mmaf01200001.webp
Dontale Mayes,real,reserva,welter,grappler,65,65,35,KAI,62,62,65,60,69,73,59,71,70,57,assets/players/mma/r_dontalemayes.webp
Caio Mvondo,fict,reserva,welter,wrestler,65,66,27,RIA,62,60,71,60,77,67,66,62,60,64,assets/players/mma/x_mmaf02200001.webp
Takumi Sato,fict,reserva,welter,grappler,64,65,34,NET,62,59,70,61,64,70,65,57,69,63,assets/players/mma/x_mmaf03200001.webp
Moussa Diallo,fict,reserva,welter,wrestler,64,67,25,SAH,66,60,62,55,63,70,62,62,69,71,assets/players/mma/x_mmaf03100001.webp
Tomasz Volkov,fict,reserva,welter,wrestler,63,71,24,BAI,61,59,58,61,75,66,63,60,62,64,assets/players/mma/x_mmaf09400001.webp
Darius Moura,fict,reserva,welter,pressure,63,66,28,TAM,66,56,70,60,66,57,65,53,71,67,assets/players/mma/x_mmaf10300001.webp
Yeison Alvarado,fict,reserva,welter,pressure,63,77,20,SOT,61,63,75,59,62,57,66,63,64,59,assets/players/mma/x_mmaf09300001.webp
Carl Deaton,real,reserva,welter,grappler,63,63,33,OVM,72,60,67,57,58,73,57,64,58,64,assets/players/mma/r_carldeaton.webp
Felipe Pereira,fict,reserva,welter,pressure,63,67,30,TAM,58,59,83,63,62,51,70,59,62,63,assets/players/mma/x_mmaf07200001.webp
Hugo Meijer,fict,reserva,welter,grappler,62,71,22,MRG,59,64,54,58,70,69,65,65,56,60,assets/players/mma/x_mmaf06800001.webp
Jamal Reed,fict,reserva,welter,wrestler,62,64,34,IBE,65,67,61,58,65,57,66,60,60,60,assets/players/mma/x_mmaf06600001.webp
Farman Hasanov,real,reserva,welter,wrestler,62,62,30,BAI,58,56,70,54,74,60,61,61,63,62,assets/players/mma/r_farmanhasanov.webp
Brandon Thomas,fict,reserva,welter,counter,60,66,27,PER,67,74,57,59,57,52,56,56,61,61,assets/players/mma/x_mmaf01000001.webp
Stefan Horvat,fict,reserva,welter,counter,60,63,27,ZEN,64,68,52,65,60,62,61,61,50,58,assets/players/mma/x_mmaf08400001.webp
Marko Alekseev,fict,reserva,welter,counter,60,61,34,BAI,58,71,66,55,56,56,68,50,67,54,assets/players/mma/x_mmaf06100001.webp
Brandon Foster,fict,reserva,welter,counter,60,66,23,GRA,61,63,53,56,57,61,65,62,62,59,assets/players/mma/x_mmaf05800001.webp
Brandon Haworth,fict,reserva,welter,pressure,59,63,33,KAI,54,56,71,65,48,63,66,53,52,62,assets/players/mma/x_mmaf07600001.webp
Tyrese Cepeda,fict,reserva,welter,wrestler,59,60,30,MAG,61,58,54,56,66,57,62,54,57,65,assets/players/mma/x_mmaf09600001.webp
Adrián Müller,fict,reserva,welter,counter,58,72,22,KAI,56,69,60,51,61,51,57,64,53,58,assets/players/mma/x_mmaf01700001.webp
Dae Brandão,fict,reserva,welter,counter,58,68,21,TAM,71,62,51,58,50,57,60,55,64,51,assets/players/mma/x_mmaf10500001.webp
Yeison Hayashi,fict,reserva,welter,wrestler,57,62,33,TAM,51,54,58,58,74,60,54,54,54,54,assets/players/mma/x_mmaf06000001.webp
Zurab Sadykov,fict,reserva,welter,pressure,57,63,24,KOS,48,55,63,57,56,52,64,53,63,57,assets/players/mma/x_mmaf11500001.webp
Hiro Sharma,fict,reserva,welter,wrestler,57,63,21,KOS,55,51,52,59,65,61,58,55,55,58,assets/players/mma/x_mmat100100001.webp
Jonas de Vries,fict,reserva,welter,wrestler,56,62,33,MEL,60,49,61,58,70,55,53,54,57,42,assets/players/mma/x_mmaf10100001.webp
Facundo Zárate,fict,reserva,welter,counter,56,65,22,VAL,62,60,55,53,55,53,56,52,58,57,assets/players/mma/x_mmat100000001.webp
Callum Bianchi,fict,reserva,welter,counter,56,61,27,OVM,54,75,46,49,52,54,61,51,61,56,assets/players/mma/x_mmaf04300001.webp
Joaquín Yoshida,fict,reserva,welter,counter,55,61,26,TAM,57,60,57,42,55,58,59,51,62,48,assets/players/mma/x_mmaf08800001.webp
Zurab Tadić,fict,reserva,welter,wrestler,55,70,21,ZEN,54,56,59,47,71,59,52,47,49,57,assets/players/mma/x_mmaf11600001.webp
Omar Haddad,fict,reserva,welter,pressure,54,59,27,RIA,52,53,59,49,55,51,53,57,57,55,assets/players/mma/x_mmaf00800001.webp
Camilo Rezende,fict,reserva,welter,counter,49,65,22,TAM,52,61,43,42,46,52,45,51,54,45,assets/players/mma/x_mmaf08700001.webp
Brunno Ferreira,real,reserva,middle,grappler,68,68,33,TAM,59,72,71,65,73,79,66,58,66,72,assets/players/mma/r_brunnoferreira.webp
Tyler Campbell,fict,reserva,middle,wrestler,67,73,24,KAI,65,62,71,60,81,69,62,71,69,60,assets/players/mma/x_mmaf02900001.webp
Thales Leites,real,reserva,middle,grappler,67,67,44,TAM,73,70,67,50,73,75,56,69,72,63,assets/players/mma/r_thalesleites.webp
Gilbert Urbina,real,reserva,middle,pressure,67,67,30,MAG,67,64,73,61,73,66,68,68,65,64,assets/players/mma/r_gilberturbina.webp
Eric Mcconico,real,reserva,middle,wrestler,67,67,35,KAI,68,57,71,62,86,67,66,67,63,62,assets/players/mma/r_ericmcconico.webp
Vlasto Cepo,real,reserva,middle,grappler,67,67,31,ESV,67,61,68,68,68,81,59,73,59,66,assets/players/mma/r_vlastocepo.webp
Luka Ushakov,fict,reserva,middle,wrestler,65,66,27,BAI,61,64,65,56,73,70,71,64,63,63,assets/players/mma/x_mmaf08500001.webp
Bruno Bassong,fict,reserva,middle,counter,65,69,25,RIA,70,77,64,62,68,56,68,62,65,59,assets/players/mma/x_mmaf00100001.webp
Julián Barbosa,fict,reserva,middle,pressure,60,66,35,SOT,59,66,69,55,62,53,55,59,72,49,assets/players/mma/x_mmaf08000001.webp
Thiago Nkembe,fict,reserva,middle,wrestler,60,61,32,RIA,59,59,60,54,65,63,63,63,53,62,assets/players/mma/x_mmaf10600001.webp
Camilo Correa,fict,reserva,middle,counter,58,60,25,CUN,61,65,50,49,58,62,55,61,61,58,assets/players/mma/x_mmaf04700001.webp
Adrián Turner,fict,reserva,middle,wrestler,57,61,29,OVM,60,55,66,44,67,60,53,49,59,57,assets/players/mma/x_mmaf07800001.webp
Vinícius Souza,fict,reserva,middle,wrestler,57,59,32,PER,56,58,66,50,66,59,55,55,56,48,assets/players/mma/x_mmaf02700001.webp
Pieter Fiore,fict,reserva,middle,wrestler,50,53,30,MEL,52,43,49,44,69,52,42,51,47,50,assets/players/mma/x_mmat200100001.webp
Bogdan Guskov,real,reserva,lightheavy,grappler,68,68,33,BAI,65,66,71,53,78,74,70,68,71,64,assets/players/mma/r_bogdanguskov.webp
Brendson Ribeiro,real,reserva,lightheavy,wrestler,67,68,29,TAM,68,66,66,65,76,74,66,67,63,61,assets/players/mma/r_brendsonribeiro.webp
Thiago Mekongo,fict,reserva,lightheavy,pressure,65,79,20,RIA,57,57,74,58,74,60,69,61,73,66,assets/players/mma/x_mmaf05700001.webp
Julián Herrera,fict,reserva,lightheavy,counter,63,66,33,TAM,70,70,70,49,63,60,64,64,58,63,assets/players/mma/x_mmaf06200001.webp
Kyle Bell,fict,reserva,lightheavy,counter,63,64,29,IBE,68,72,65,56,60,65,55,66,58,65,assets/players/mma/x_mmaf05100001.webp
Ivan Pavlenko,fict,reserva,lightheavy,counter,63,67,25,BAI,68,68,56,58,63,65,56,65,67,64,assets/players/mma/x_mmaf04600001.webp
Vinícius Ledesma,fict,reserva,lightheavy,counter,62,68,36,SOT,69,71,64,57,60,62,60,61,58,60,assets/players/mma/x_mmaf07000001.webp
Cody Cisneros,fict,reserva,lightheavy,pressure,61,69,23,PER,56,51,69,51,66,59,64,65,63,66,assets/players/mma/x_mmaf11200001.webp
Joaquín Suárez,fict,reserva,lightheavy,pressure,60,62,32,SOT,69,54,66,51,59,57,65,64,53,62,assets/players/mma/x_mmaf10900001.webp
Marcus Mitchell,fict,reserva,lightheavy,counter,60,63,33,IBE,63,70,62,53,60,62,55,62,57,57,assets/players/mma/x_mmaf05500001.webp
Kyle Sanders,fict,reserva,lightheavy,pressure,59,61,29,IBE,66,51,77,52,51,51,62,59,57,64,assets/players/mma/x_mmaf04500001.webp
Zurab Novak,fict,reserva,lightheavy,pressure,59,64,28,KOS,60,58,72,47,64,57,58,59,55,61,assets/players/mma/x_mmaf04200001.webp
Camilo Peralta,fict,reserva,lightheavy,pressure,55,62,20,SOT,55,45,66,50,57,56,49,57,59,56,assets/players/mma/x_mmaf02500001.webp
Dmitri Jovanovic,fict,reserva,lightheavy,grappler,54,66,21,KOS,55,51,54,51,54,61,54,47,55,59,assets/players/mma/x_mmaf00500001.webp
Tomasz Dragic,fict,reserva,lightheavy,pressure,52,54,31,KOS,51,49,67,49,55,53,53,45,46,52,assets/players/mma/x_mmaf03400001.webp
Pieter MacDonald,fict,reserva,lightheavy,counter,49,61,21,ZEN,54,54,56,45,47,36,46,55,53,42,assets/players/mma/x_mmaf04400001.webp
Aleksei Oleinik,real,reserva,heavy,grappler,65,65,48,IBE,60,76,73,45,74,75,45,72,71,60,assets/players/mma/r_alekseioleinik.webp
Tariq Camara,fict,reserva,heavy,counter,64,69,34,SAH,71,71,70,48,58,60,65,64,67,68,assets/players/mma/x_mmaf09800001.webp
Luka Zaitsev,fict,reserva,heavy,counter,63,74,21,BAI,63,73,70,52,59,68,58,56,64,66,assets/players/mma/x_mmaf11100001.webp
Tyrese Solano,fict,reserva,heavy,pressure,62,68,33,MOR,57,63,87,57,54,58,60,57,56,71,assets/players/mma/x_mmaf06500001.webp
Tomasz Fomin,fict,reserva,heavy,pressure,62,73,20,BAI,61,53,79,56,63,68,66,59,57,58,assets/players/mma/x_mmaf11300001.webp
Jalen Jansen,fict,reserva,heavy,pressure,59,70,22,SKO,55,58,75,51,55,61,56,57,62,60,assets/players/mma/x_mmaf11700001.webp
Lautaro Sosa,fict,reserva,heavy,pressure,58,64,26,TAM,62,46,79,49,55,57,58,56,59,59,assets/players/mma/x_mmaf00700001.webp
Zurab Nazarov,fict,reserva,heavy,counter,56,61,35,KOS,57,74,65,46,59,55,45,53,52,54,assets/players/mma/x_mmaf00000001.webp
Camilo Castro,fict,reserva,heavy,counter,55,58,34,TAM,63,55,64,49,53,58,43,54,53,56,assets/players/mma/x_mmaf09700001.webp
Minjun Patel,fict,reserva,heavy,counter,54,55,25,KOS,59,62,52,48,57,54,41,60,54,54,assets/players/mma/x_mmaf09100001.webp
Emeka Al-Farsi,fict,reserva,heavy,counter,53,63,20,SAH,54,51,58,46,58,48,46,53,59,56,assets/players/mma/x_mmaf03500001.webp